-- --------------------------------------------------------
-- Host:                         127.0.0.1
-- Server version:               8.0.30 - MySQL Community Server - GPL
-- Server OS:                    Win64
-- HeidiSQL Version:             12.1.0.6537
-- --------------------------------------------------------

/*!40101 SET @OLD_CHARACTER_SET_CLIENT=@@CHARACTER_SET_CLIENT */;
/*!40101 SET NAMES utf8 */;
/*!50503 SET NAMES utf8mb4 */;
/*!40103 SET @OLD_TIME_ZONE=@@TIME_ZONE */;
/*!40103 SET TIME_ZONE='+00:00' */;
/*!40014 SET @OLD_FOREIGN_KEY_CHECKS=@@FOREIGN_KEY_CHECKS, FOREIGN_KEY_CHECKS=0 */;
/*!40101 SET @OLD_SQL_MODE=@@SQL_MODE, SQL_MODE='NO_AUTO_VALUE_ON_ZERO' */;
/*!40111 SET @OLD_SQL_NOTES=@@SQL_NOTES, SQL_NOTES=0 */;


-- Dumping database structure for persil-admin
CREATE DATABASE IF NOT EXISTS `persil-admin` /*!40100 DEFAULT CHARACTER SET utf8mb4 COLLATE utf8mb4_0900_ai_ci */ /*!80016 DEFAULT ENCRYPTION='N' */;
USE `persil-admin`;

-- Dumping structure for table persil-admin.cache
CREATE TABLE IF NOT EXISTS `cache` (
  `key` varchar(255) COLLATE utf8mb4_unicode_ci NOT NULL,
  `value` mediumtext COLLATE utf8mb4_unicode_ci NOT NULL,
  `expiration` int NOT NULL,
  PRIMARY KEY (`key`)
) ENGINE=InnoDB DEFAULT CHARSET=utf8mb4 COLLATE=utf8mb4_unicode_ci;

-- Dumping data for table persil-admin.cache: ~0 rows (approximately)

-- Dumping structure for table persil-admin.cache_locks
CREATE TABLE IF NOT EXISTS `cache_locks` (
  `key` varchar(255) COLLATE utf8mb4_unicode_ci NOT NULL,
  `owner` varchar(255) COLLATE utf8mb4_unicode_ci NOT NULL,
  `expiration` int NOT NULL,
  PRIMARY KEY (`key`)
) ENGINE=InnoDB DEFAULT CHARSET=utf8mb4 COLLATE=utf8mb4_unicode_ci;

-- Dumping data for table persil-admin.cache_locks: ~0 rows (approximately)

-- Dumping structure for table persil-admin.dokumen_persil
CREATE TABLE IF NOT EXISTS `dokumen_persil` (
  `dokumen_id` bigint unsigned NOT NULL AUTO_INCREMENT,
  `persil_id` bigint unsigned NOT NULL,
  `jenis_dokumen` varchar(255) COLLATE utf8mb4_unicode_ci NOT NULL,
  `nomor` varchar(255) COLLATE utf8mb4_unicode_ci DEFAULT NULL,
  `keterangan` text COLLATE utf8mb4_unicode_ci,
  `created_at` timestamp NULL DEFAULT NULL,
  `updated_at` timestamp NULL DEFAULT NULL,
  PRIMARY KEY (`dokumen_id`),
  KEY `dokumen_persil_persil_id_foreign` (`persil_id`),
  CONSTRAINT `dokumen_persil_persil_id_foreign` FOREIGN KEY (`persil_id`) REFERENCES `persil` (`persil_id`) ON DELETE CASCADE
) ENGINE=InnoDB AUTO_INCREMENT=102 DEFAULT CHARSET=utf8mb4 COLLATE=utf8mb4_unicode_ci;

-- Dumping data for table persil-admin.dokumen_persil: ~101 rows (approximately)
INSERT INTO `dokumen_persil` (`dokumen_id`, `persil_id`, `jenis_dokumen`, `nomor`, `keterangan`, `created_at`, `updated_at`) VALUES
	(1, 12, 'Surat Keterangan Tanah', 'DOC/0001/2022', 'Dokumen diterbitkan oleh Kecamatan', '2025-11-03 08:04:59', '2026-01-02 08:04:59'),
	(2, 6, 'Surat Gadai', 'DOC/0002/2024', 'Dokumen diterbitkan oleh BPN', '2025-02-10 08:04:59', '2026-01-02 08:04:59'),
	(3, 1, 'AJB (Akta Jual Beli)', 'DOC/0003/2023', 'Dokumen diterbitkan oleh Kelurahan', '2025-09-18 08:04:59', '2026-01-02 08:04:59'),
	(4, 6, 'Akta Hibah', 'DOC/0004/2024', 'Dokumen diterbitkan oleh Kecamatan', '2025-05-07 08:04:59', '2026-01-02 08:04:59'),
	(5, 18, 'Girik', 'GRK/0005/2024', 'Dokumen masih dalam proses verifikasi', '2025-05-25 08:04:59', '2026-01-02 08:04:59'),
	(6, 3, 'Surat Gadai', 'DOC/0006/2023', 'Dokumen berlaku hingga 5 tahun ke depan', '2025-09-27 08:04:59', '2026-01-02 08:04:59'),
	(7, 15, 'Sertifikat Hak Pakai (SHP)', 'SHP/0007/2024', 'Dokumen fotokopi yang dilegalisir', '2025-01-20 08:04:59', '2026-01-02 08:04:59'),
	(8, 17, 'AJB (Akta Jual Beli)', 'DOC/0008/2021', 'Dokumen diterbitkan oleh Kantor Pertanahan', '2025-05-15 08:04:59', '2026-01-02 08:04:59'),
	(9, 16, 'SK Penggunaan Tanah', 'DOC/0009/2023', 'Dokumen diterbitkan oleh BPN', '2025-01-08 08:04:59', '2026-01-02 08:04:59'),
	(10, 19, 'Girik', 'GRK/0010/2021', 'Dokumen fotokopi yang dilegalisir', '2025-12-03 08:04:59', '2026-01-02 08:04:59'),
	(11, 14, 'Surat Sewa Menyewa', 'DOC/0011/2021', 'Dokumen diterbitkan oleh Kantor Pertanahan', '2025-06-10 08:04:59', '2026-01-02 08:04:59'),
	(12, 2, 'Surat Gadai', 'DOC/0012/2024', 'Dokumen diterbitkan oleh Kantor Pertanahan', '2025-05-23 08:04:59', '2026-01-02 08:04:59'),
	(13, 6, 'Letter C', 'LTR-C/0013/2024', 'Dokumen fotokopi yang dilegalisir', '2025-02-19 08:04:59', '2026-01-02 08:04:59'),
	(14, 4, 'Surat Tukar Menukar', 'DOC/0014/2022', 'Dokumen diterbitkan oleh BPN', '2025-03-18 08:04:59', '2026-01-02 08:04:59'),
	(15, 8, 'Sertifikat Hak Guna Bangunan (SHGB)', 'SHGB/0015/2020', 'Dokumen diterbitkan oleh Kelurahan', '2025-09-18 08:04:59', '2026-01-02 08:04:59'),
	(16, 16, 'AJB (Akta Jual Beli)', 'DOC/0016/2021', 'Dokumen perlu perpanjangan', '2025-01-16 08:04:59', '2026-01-02 08:04:59'),
	(17, 7, 'Girik', 'GRK/0017/2021', 'Dokumen diterbitkan oleh Kelurahan', '2025-10-19 08:04:59', '2026-01-02 08:04:59'),
	(18, 10, 'Surat Gadai', 'DOC/0018/2022', 'Dokumen diterbitkan oleh Kelurahan', '2025-07-28 08:04:59', '2026-01-02 08:04:59'),
	(19, 2, 'PPAT', 'DOC/0019/2021', 'Dokumen fotokopi yang dilegalisir', '2025-12-23 08:04:59', '2026-01-02 08:04:59'),
	(20, 3, 'AJB (Akta Jual Beli)', 'DOC/0020/2023', 'Dokumen masih dalam proses verifikasi', '2025-02-18 08:04:59', '2026-01-02 08:04:59'),
	(21, 14, 'Izin Mendirikan Bangunan (IMB)', 'DOC/0021/2024', 'Dokumen diterbitkan oleh Kelurahan', '2025-08-31 08:04:59', '2026-01-02 08:04:59'),
	(22, 19, 'Surat Sewa Menyewa', 'DOC/0022/2022', 'Dokumen fotokopi yang dilegalisir', '2025-05-18 08:04:59', '2026-01-02 08:04:59'),
	(23, 16, 'PBB (Pajak Bumi dan Bangunan)', 'DOC/0023/2023', 'Dokumen fotokopi yang dilegalisir', '2025-05-29 08:04:59', '2026-01-02 08:04:59'),
	(24, 7, 'Petok D', 'PTK/0024/2024', 'Dokumen diterbitkan oleh BPN', '2025-08-23 08:04:59', '2026-01-02 08:04:59'),
	(25, 2, 'SKPT', 'DOC/0025/2022', 'Dokumen asli disimpan di kantor desa', '2025-11-30 08:04:59', '2026-01-02 08:04:59'),
	(26, 10, 'Sertifikat Hak Guna Bangunan (SHGB)', 'SHGB/0026/2023', 'Dokumen diterbitkan oleh Kelurahan', '2025-12-26 08:04:59', '2026-01-02 08:04:59'),
	(27, 19, 'Izin Mendirikan Bangunan (IMB)', 'DOC/0027/2022', 'Dokumen fotokopi yang dilegalisir', '2025-12-18 08:04:59', '2026-01-02 08:04:59'),
	(28, 2, 'Izin Lokasi', 'DOC/0028/2024', 'Dokumen berlaku hingga 5 tahun ke depan', '2025-01-09 08:04:59', '2026-01-02 08:04:59'),
	(29, 8, 'SK Penggunaan Tanah', 'DOC/0029/2020', 'Dokumen perlu perpanjangan', '2025-12-01 08:04:59', '2026-01-02 08:04:59'),
	(30, 6, 'Sertifikat Hak Pakai (SHP)', 'SHP/0030/2021', 'Dokumen diterbitkan oleh BPN', '2025-03-09 08:04:59', '2026-01-02 08:04:59'),
	(31, 6, 'Sertifikat Hak Pakai (SHP)', 'SHP/0031/2023', 'Dokumen telah diverifikasi dan valid', '2025-04-25 08:04:59', '2026-01-02 08:04:59'),
	(32, 5, 'Izin Lokasi', 'DOC/0032/2024', 'Dokumen perlu perpanjangan', '2025-05-06 08:04:59', '2026-01-02 08:04:59'),
	(33, 10, 'SK Penggunaan Tanah', 'DOC/0033/2024', 'Dokumen berlaku hingga 5 tahun ke depan', '2025-04-11 08:04:59', '2026-01-02 08:04:59'),
	(34, 18, 'PBB (Pajak Bumi dan Bangunan)', 'DOC/0034/2024', 'Dokumen diterbitkan oleh Kecamatan', '2025-03-27 08:04:59', '2026-01-02 08:04:59'),
	(35, 17, 'Sertifikat Hak Guna Bangunan (SHGB)', 'SHGB/0035/2022', 'Dokumen asli disimpan di kantor desa', '2025-10-24 08:04:59', '2026-01-02 08:04:59'),
	(36, 2, 'Letter C', 'LTR-C/0036/2021', 'Dokumen diterbitkan oleh Kecamatan', '2025-10-26 08:04:59', '2026-01-02 08:04:59'),
	(37, 5, 'Petok D', 'PTK/0037/2020', 'Dokumen masih dalam proses verifikasi', '2025-01-04 08:04:59', '2026-01-02 08:04:59'),
	(38, 4, 'Letter C', 'LTR-C/0038/2021', 'Dokumen diterbitkan oleh Kecamatan', '2025-06-21 08:04:59', '2026-01-02 08:04:59'),
	(39, 3, 'Surat Wasiat', 'DOC/0039/2021', 'Dokumen masih dalam proses verifikasi', '2025-08-25 08:04:59', '2026-01-02 08:04:59'),
	(40, 14, 'SKPT', 'DOC/0040/2023', 'Dokumen diterbitkan oleh Kantor Pertanahan', '2025-10-27 08:04:59', '2026-01-02 08:04:59'),
	(41, 6, 'AJB (Akta Jual Beli)', 'DOC/0041/2020', 'Dokumen perlu perpanjangan', '2025-03-06 08:04:59', '2026-01-02 08:04:59'),
	(42, 7, 'SKPT', 'DOC/0042/2021', 'Dokumen fotokopi yang dilegalisir', '2025-03-04 08:04:59', '2026-01-02 08:04:59'),
	(43, 18, 'Sertifikat Hak Guna Bangunan (SHGB)', 'SHGB/0043/2023', 'Dokumen diterbitkan oleh Kecamatan', '2025-06-20 08:04:59', '2026-01-02 08:04:59'),
	(44, 15, 'Girik', 'GRK/0044/2022', 'Dokumen asli disimpan di kantor desa', '2025-12-19 08:04:59', '2026-01-02 08:04:59'),
	(45, 13, 'AJB (Akta Jual Beli)', 'DOC/0045/2023', 'Dokumen telah diverifikasi dan valid', '2025-09-07 08:04:59', '2026-01-02 08:04:59'),
	(46, 14, 'Letter C', 'LTR-C/0046/2021', 'Dokumen telah diverifikasi dan valid', '2025-08-09 08:04:59', '2026-01-02 08:04:59'),
	(47, 13, 'Surat Sewa Menyewa', 'DOC/0047/2022', 'Dokumen diterbitkan oleh Kantor Pertanahan', '2025-05-28 08:04:59', '2026-01-02 08:04:59'),
	(48, 4, 'Akta Hibah', 'DOC/0048/2023', 'Dokumen telah diverifikasi dan valid', '2025-12-23 08:04:59', '2026-01-02 08:04:59'),
	(49, 19, 'AJB (Akta Jual Beli)', 'DOC/0049/2024', 'Dokumen berlaku hingga 5 tahun ke depan', '2025-11-28 08:04:59', '2026-01-02 08:04:59'),
	(50, 12, 'Surat Wasiat', 'DOC/0050/2023', 'Dokumen diterbitkan oleh BPN', '2025-01-10 08:04:59', '2026-01-02 08:04:59'),
	(51, 20, 'PPAT', 'DOC/0051/2021', 'Dokumen berlaku hingga 5 tahun ke depan', '2025-10-31 08:04:59', '2026-01-02 08:04:59'),
	(52, 2, 'Sertifikat Hak Guna Bangunan (SHGB)', 'SHGB/0052/2021', 'Dokumen fotokopi yang dilegalisir', '2025-03-15 08:04:59', '2026-01-02 08:04:59'),
	(53, 10, 'Surat Kematian', 'DOC/0053/2022', 'Dokumen fotokopi yang dilegalisir', '2025-06-02 08:04:59', '2026-01-02 08:04:59'),
	(54, 2, 'Sertifikat Hak Guna Bangunan (SHGB)', 'SHGB/0054/2020', 'Dokumen telah diverifikasi dan valid', '2025-04-01 08:04:59', '2026-01-02 08:04:59'),
	(55, 19, 'Sertifikat Hak Guna Bangunan (SHGB)', 'SHGB/0055/2020', 'Dokumen diterbitkan oleh BPN', '2025-08-09 08:04:59', '2026-01-02 08:04:59'),
	(56, 9, 'Surat Kematian', 'DOC/0056/2020', 'Dokumen diterbitkan oleh BPN', '2025-07-08 08:04:59', '2026-01-02 08:04:59'),
	(57, 17, 'Surat Gadai', 'DOC/0057/2021', 'Dokumen perlu perpanjangan', '2025-12-14 08:04:59', '2026-01-02 08:04:59'),
	(58, 10, 'SK Penggunaan Tanah', 'DOC/0058/2021', 'Dokumen diterbitkan oleh Kantor Pertanahan', '2025-10-21 08:04:59', '2026-01-02 08:04:59'),
	(59, 8, 'Sertifikat Hak Milik (SHM)', 'SHM/0059/2021', 'Dokumen fotokopi yang dilegalisir', '2025-11-07 08:04:59', '2026-01-02 08:04:59'),
	(60, 13, 'Surat Kematian', 'DOC/0060/2021', 'Dokumen diterbitkan oleh Kantor Pertanahan', '2025-03-28 08:04:59', '2026-01-02 08:04:59'),
	(61, 12, 'Surat Gadai', 'DOC/0061/2020', 'Dokumen berlaku hingga 5 tahun ke depan', '2025-06-18 08:04:59', '2026-01-02 08:04:59'),
	(62, 12, 'SKPT', 'DOC/0062/2020', 'Dokumen diterbitkan oleh Kelurahan', '2025-04-01 08:04:59', '2026-01-02 08:04:59'),
	(63, 3, 'Sertifikat Hak Pakai (SHP)', 'SHP/0063/2020', 'Dokumen fotokopi yang dilegalisir', '2025-10-17 08:04:59', '2026-01-02 08:04:59'),
	(64, 3, 'Akta Hibah', 'DOC/0064/2024', 'Dokumen fotokopi yang dilegalisir', '2025-03-14 08:04:59', '2026-01-02 08:04:59'),
	(65, 3, 'Surat Keterangan Tanah', 'DOC/0065/2023', 'Dokumen perlu perpanjangan', '2025-07-20 08:04:59', '2026-01-02 08:04:59'),
	(66, 7, 'PBB (Pajak Bumi dan Bangunan)', 'DOC/0066/2020', 'Dokumen perlu perpanjangan', '2025-06-01 08:04:59', '2026-01-02 08:04:59'),
	(67, 3, 'Surat Keterangan Tanah', 'DOC/0067/2024', 'Dokumen asli disimpan di kantor desa', '2025-08-06 08:04:59', '2026-01-02 08:04:59'),
	(68, 20, 'Sertifikat Hak Guna Bangunan (SHGB)', 'SHGB/0068/2020', 'Dokumen masih dalam proses verifikasi', '2025-10-12 08:04:59', '2026-01-02 08:04:59'),
	(69, 8, 'AJB (Akta Jual Beli)', 'DOC/0069/2020', 'Dokumen perlu perpanjangan', '2025-04-16 08:04:59', '2026-01-02 08:04:59'),
	(70, 8, 'Surat Wasiat', 'DOC/0070/2022', 'Dokumen diterbitkan oleh BPN', '2025-12-28 08:04:59', '2026-01-02 08:04:59'),
	(71, 4, 'Sertifikat Hak Pakai (SHP)', 'SHP/0071/2020', 'Dokumen diterbitkan oleh BPN', '2025-06-16 08:04:59', '2026-01-02 08:04:59'),
	(72, 12, 'PPAT', 'DOC/0072/2020', 'Dokumen diterbitkan oleh BPN', '2025-02-02 08:04:59', '2026-01-02 08:04:59'),
	(73, 15, 'Surat Keterangan Tanah', 'DOC/0073/2024', 'Dokumen masih dalam proses verifikasi', '2025-04-02 08:04:59', '2026-01-02 08:04:59'),
	(74, 17, 'SK Penggunaan Tanah', 'DOC/0074/2022', 'Dokumen berlaku hingga 5 tahun ke depan', '2025-06-18 08:04:59', '2026-01-02 08:04:59'),
	(75, 19, 'Surat Gadai', 'DOC/0075/2020', 'Dokumen asli disimpan di kantor desa', '2025-03-12 08:04:59', '2026-01-02 08:04:59'),
	(76, 7, 'Izin Mendirikan Bangunan (IMB)', 'DOC/0076/2021', 'Dokumen diterbitkan oleh Kelurahan', '2025-05-31 08:04:59', '2026-01-02 08:04:59'),
	(77, 1, 'Petok D', 'PTK/0077/2022', 'Dokumen asli disimpan di kantor desa', '2025-02-01 08:04:59', '2026-01-02 08:04:59'),
	(78, 9, 'SK Penggunaan Tanah', 'DOC/0078/2020', 'Dokumen berlaku hingga 5 tahun ke depan', '2025-02-08 08:04:59', '2026-01-02 08:04:59'),
	(79, 4, 'Sertifikat Hak Guna Bangunan (SHGB)', 'SHGB/0079/2022', 'Dokumen perlu perpanjangan', '2025-08-20 08:04:59', '2026-01-02 08:04:59'),
	(80, 5, 'Surat Sewa Menyewa', 'DOC/0080/2022', 'Dokumen diterbitkan oleh BPN', '2025-06-25 08:04:59', '2026-01-02 08:04:59'),
	(81, 16, 'AJB (Akta Jual Beli)', 'DOC/0081/2022', 'Dokumen diterbitkan oleh Kelurahan', '2025-06-16 08:04:59', '2026-01-02 08:04:59'),
	(82, 8, 'PPAT', 'DOC/0082/2021', 'Dokumen diterbitkan oleh Kelurahan', '2025-01-28 08:04:59', '2026-01-02 08:04:59'),
	(83, 2, 'Girik', 'GRK/0083/2024', 'Dokumen masih dalam proses verifikasi', '2025-08-06 08:04:59', '2026-01-02 08:04:59'),
	(84, 20, 'Akta Hibah', 'DOC/0084/2024', 'Dokumen asli disimpan di kantor desa', '2025-08-19 08:04:59', '2026-01-02 08:04:59'),
	(85, 5, 'Surat Wasiat', 'DOC/0085/2021', 'Dokumen perlu perpanjangan', '2025-06-03 08:04:59', '2026-01-02 08:04:59'),
	(86, 1, 'Girik', 'GRK/0086/2022', 'Dokumen masih dalam proses verifikasi', '2025-09-04 08:04:59', '2026-01-02 08:04:59'),
	(87, 19, 'Surat Gadai', 'DOC/0087/2023', 'Dokumen masih dalam proses verifikasi', '2025-05-03 08:04:59', '2026-01-02 08:04:59'),
	(88, 2, 'SK Penggunaan Tanah', 'DOC/0088/2021', 'Dokumen diterbitkan oleh Kecamatan', '2025-01-15 08:04:59', '2026-01-02 08:04:59'),
	(89, 19, 'Surat Kematian', 'DOC/0089/2023', 'Dokumen diterbitkan oleh Kantor Pertanahan', '2025-02-24 08:04:59', '2026-01-02 08:04:59'),
	(90, 20, 'Surat Kematian', 'DOC/0090/2022', 'Dokumen diterbitkan oleh BPN', '2025-07-21 08:04:59', '2026-01-02 08:04:59'),
	(91, 7, 'Sertifikat Hak Pakai (SHP)', 'SHP/0091/2021', 'Dokumen perlu perpanjangan', '2025-12-23 08:04:59', '2026-01-02 08:04:59'),
	(92, 13, 'Izin Mendirikan Bangunan (IMB)', 'DOC/0092/2022', 'Dokumen diterbitkan oleh Kelurahan', '2025-02-03 08:04:59', '2026-01-02 08:04:59'),
	(93, 20, 'Sertifikat Hak Guna Bangunan (SHGB)', 'SHGB/0093/2024', 'Dokumen perlu perpanjangan', '2025-04-26 08:04:59', '2026-01-02 08:04:59'),
	(94, 20, 'SKPT', 'DOC/0094/2022', 'Dokumen telah diverifikasi dan valid', '2025-11-22 08:04:59', '2026-01-02 08:04:59'),
	(95, 6, 'Sertifikat Hak Pakai (SHP)', 'SHP/0095/2023', 'Dokumen telah diverifikasi dan valid', '2025-10-31 08:04:59', '2026-01-02 08:04:59'),
	(96, 8, 'Surat Gadai', 'DOC/0096/2024', 'Dokumen diterbitkan oleh Kecamatan', '2025-09-19 08:04:59', '2026-01-02 08:04:59'),
	(97, 7, 'AJB (Akta Jual Beli)', 'DOC/0097/2021', 'Dokumen diterbitkan oleh Kecamatan', '2025-03-22 08:04:59', '2026-01-02 08:04:59'),
	(98, 8, 'Surat Gadai', 'DOC/0098/2021', 'Dokumen masih dalam proses verifikasi', '2025-07-10 08:04:59', '2026-01-02 08:04:59'),
	(99, 16, 'Sertifikat Hak Pakai (SHP)', 'SHP/0099/2020', 'Dokumen diterbitkan oleh Kantor Pertanahan', '2025-03-10 08:04:59', '2026-01-02 08:04:59'),
	(100, 8, 'Surat Gadai', 'DOC/0100/2021', 'Dokumen perlu perpanjangan', '2025-08-31 08:04:59', '2026-01-02 08:04:59'),
	(101, 21, 'AJB', 'vmbnbbnm', 'mnbmnbn', '2026-01-04 04:26:37', '2026-01-04 04:26:37');

-- Dumping structure for table persil-admin.failed_jobs
CREATE TABLE IF NOT EXISTS `failed_jobs` (
  `id` bigint unsigned NOT NULL AUTO_INCREMENT,
  `uuid` varchar(255) COLLATE utf8mb4_unicode_ci NOT NULL,
  `connection` text COLLATE utf8mb4_unicode_ci NOT NULL,
  `queue` text COLLATE utf8mb4_unicode_ci NOT NULL,
  `payload` longtext COLLATE utf8mb4_unicode_ci NOT NULL,
  `exception` longtext COLLATE utf8mb4_unicode_ci NOT NULL,
  `failed_at` timestamp NOT NULL DEFAULT CURRENT_TIMESTAMP,
  PRIMARY KEY (`id`),
  UNIQUE KEY `failed_jobs_uuid_unique` (`uuid`)
) ENGINE=InnoDB DEFAULT CHARSET=utf8mb4 COLLATE=utf8mb4_unicode_ci;

-- Dumping data for table persil-admin.failed_jobs: ~0 rows (approximately)

-- Dumping structure for table persil-admin.jenis_penggunaan
CREATE TABLE IF NOT EXISTS `jenis_penggunaan` (
  `jenis_id` bigint unsigned NOT NULL AUTO_INCREMENT,
  `nama_penggunaan` varchar(255) COLLATE utf8mb4_unicode_ci NOT NULL,
  `keterangan` text COLLATE utf8mb4_unicode_ci,
  `created_at` timestamp NULL DEFAULT NULL,
  `updated_at` timestamp NULL DEFAULT NULL,
  PRIMARY KEY (`jenis_id`),
  UNIQUE KEY `jenis_penggunaan_nama_penggunaan_unique` (`nama_penggunaan`)
) ENGINE=InnoDB AUTO_INCREMENT=12 DEFAULT CHARSET=utf8mb4 COLLATE=utf8mb4_unicode_ci;

-- Dumping data for table persil-admin.jenis_penggunaan: ~10 rows (approximately)
INSERT INTO `jenis_penggunaan` (`jenis_id`, `nama_penggunaan`, `keterangan`, `created_at`, `updated_at`) VALUES
	(1, 'Perumahan', 'Tanah untuk tempat tinggal', '2026-01-02 08:04:59', '2026-01-02 08:04:59'),
	(2, 'Pertanian', 'Tanah untuk kegiatan pertanian', '2026-01-02 08:04:59', '2026-01-02 08:04:59'),
	(3, 'Perkebunan', 'Tanah untuk perkebunan', '2026-01-02 08:04:59', '2026-01-02 08:04:59'),
	(4, 'Peternakan', 'Tanah untuk peternakan', '2026-01-02 08:04:59', '2026-01-02 08:04:59'),
	(5, 'Industri', 'Tanah untuk kegiatan industri', '2026-01-02 08:04:59', '2026-01-02 08:04:59'),
	(6, 'Komersial', 'Tanah untuk kegiatan perdagangan', '2026-01-02 08:04:59', '2026-01-02 08:04:59'),
	(7, 'Perkantoran', 'Tanah untuk perkantoran', '2026-01-02 08:04:59', '2026-01-02 08:04:59'),
	(8, 'Fasilitas Umum', 'Tanah untuk fasilitas umum', '2026-01-02 08:04:59', '2026-01-02 08:04:59'),
	(9, 'Rekreasi', 'Tanah untuk rekreasi', '2026-01-02 08:04:59', '2026-01-02 08:04:59'),
	(10, 'Konservasi', 'Tanah untuk konservasi alam', '2026-01-02 08:04:59', '2026-01-02 08:04:59');

-- Dumping structure for table persil-admin.jobs
CREATE TABLE IF NOT EXISTS `jobs` (
  `id` bigint unsigned NOT NULL AUTO_INCREMENT,
  `queue` varchar(255) COLLATE utf8mb4_unicode_ci NOT NULL,
  `payload` longtext COLLATE utf8mb4_unicode_ci NOT NULL,
  `attempts` tinyint unsigned NOT NULL,
  `reserved_at` int unsigned DEFAULT NULL,
  `available_at` int unsigned NOT NULL,
  `created_at` int unsigned NOT NULL,
  PRIMARY KEY (`id`),
  KEY `jobs_queue_index` (`queue`)
) ENGINE=InnoDB DEFAULT CHARSET=utf8mb4 COLLATE=utf8mb4_unicode_ci;

-- Dumping data for table persil-admin.jobs: ~0 rows (approximately)

-- Dumping structure for table persil-admin.job_batches
CREATE TABLE IF NOT EXISTS `job_batches` (
  `id` varchar(255) COLLATE utf8mb4_unicode_ci NOT NULL,
  `name` varchar(255) COLLATE utf8mb4_unicode_ci NOT NULL,
  `total_jobs` int NOT NULL,
  `pending_jobs` int NOT NULL,
  `failed_jobs` int NOT NULL,
  `failed_job_ids` longtext COLLATE utf8mb4_unicode_ci NOT NULL,
  `options` mediumtext COLLATE utf8mb4_unicode_ci,
  `cancelled_at` int DEFAULT NULL,
  `created_at` int NOT NULL,
  `finished_at` int DEFAULT NULL,
  PRIMARY KEY (`id`)
) ENGINE=InnoDB DEFAULT CHARSET=utf8mb4 COLLATE=utf8mb4_unicode_ci;

-- Dumping data for table persil-admin.job_batches: ~0 rows (approximately)

-- Dumping structure for table persil-admin.media
CREATE TABLE IF NOT EXISTS `media` (
  `media_id` bigint unsigned NOT NULL AUTO_INCREMENT,
  `ref_table` varchar(255) COLLATE utf8mb4_unicode_ci NOT NULL,
  `ref_id` bigint unsigned NOT NULL,
  `file_url` varchar(255) COLLATE utf8mb4_unicode_ci NOT NULL,
  `caption` varchar(255) COLLATE utf8mb4_unicode_ci DEFAULT NULL,
  `mime_type` varchar(255) COLLATE utf8mb4_unicode_ci DEFAULT NULL,
  `sort_order` int NOT NULL DEFAULT '0',
  `created_at` timestamp NULL DEFAULT NULL,
  `updated_at` timestamp NULL DEFAULT NULL,
  PRIMARY KEY (`media_id`)
) ENGINE=InnoDB AUTO_INCREMENT=107 DEFAULT CHARSET=utf8mb4 COLLATE=utf8mb4_unicode_ci;

-- Dumping data for table persil-admin.media: ~106 rows (approximately)
INSERT INTO `media` (`media_id`, `ref_table`, `ref_id`, `file_url`, `caption`, `mime_type`, `sort_order`, `created_at`, `updated_at`) VALUES
	(1, 'dokumen_persil', 83, 'uploads/dokumen_persil/83/file_1.xls', 'Peta Manual - 1', 'application/vnd.ms-excel', 12, '2025-11-19 08:04:59', '2026-01-02 08:04:59'),
	(2, 'persil', 9, 'uploads/persil/9/file_2.xlsx', 'Bukti Pembayaran - 2', 'application/vnd.openxmlformats-officedocument.spreadsheetml.sheet', 18, '2025-11-08 08:04:59', '2026-01-02 08:04:59'),
	(3, 'persil', 9, 'uploads/persil/9/file_3.pdf', 'Scan Surat Tanah - 3', 'application/pdf', 12, '2025-07-31 08:04:59', '2026-01-02 08:04:59'),
	(4, 'persil', 2, 'uploads/persil/2/file_4.xls', 'Scan Girik - 4', 'application/vnd.ms-excel', 5, '2025-03-06 08:04:59', '2026-01-02 08:04:59'),
	(5, 'dokumen_persil', 19, 'uploads/dokumen_persil/19/file_5.docx', 'Foto Bidang Tanah Belakang - 5', 'application/vnd.openxmlformats-officedocument.wordprocessingml.document', 14, '2025-12-30 08:04:59', '2026-01-02 08:04:59'),
	(6, 'sengketa_persil', 26, 'uploads/sengketa_persil/26/file_6.xlsx', 'Foto Bidang Tanah Depan - 6', 'application/vnd.openxmlformats-officedocument.spreadsheetml.sheet', 13, '2025-03-05 08:04:59', '2026-01-02 08:04:59'),
	(7, 'persil', 11, 'uploads/persil/11/file_7.xlsx', 'Scan PBB - 7', 'application/vnd.openxmlformats-officedocument.spreadsheetml.sheet', 7, '2025-05-02 08:04:59', '2026-01-02 08:04:59'),
	(8, 'sengketa_persil', 27, 'uploads/sengketa_persil/27/file_8.docx', 'Foto Sengketa 2 - 8', 'application/vnd.openxmlformats-officedocument.wordprocessingml.document', 12, '2025-12-02 08:04:59', '2026-01-02 08:04:59'),
	(9, 'persil', 12, 'uploads/persil/12/file_9.zip', 'Putusan Pengadilan - 9', 'application/zip', 8, '2025-02-25 08:04:59', '2026-01-02 08:04:59'),
	(10, 'dokumen_persil', 100, 'uploads/dokumen_persil/100/file_10.bmp', 'Foto Bidang Tanah Depan - 10', 'image/bmp', 10, '2025-04-28 08:04:59', '2026-01-02 08:04:59'),
	(11, 'sengketa_persil', 29, 'uploads/sengketa_persil/29/file_11.xlsx', 'Peta Digital - 11', 'application/vnd.openxmlformats-officedocument.spreadsheetml.sheet', 11, '2025-08-13 08:04:59', '2026-01-02 08:04:59'),
	(12, 'dokumen_persil', 88, 'uploads/dokumen_persil/88/file_12.docx', 'Scan PBB - 12', 'application/vnd.openxmlformats-officedocument.wordprocessingml.document', 15, '2025-09-16 08:04:59', '2026-01-02 08:04:59'),
	(13, 'sengketa_persil', 2, 'uploads/sengketa_persil/2/file_13.pdf', 'Scan Surat Tanah - 13', 'application/pdf', 11, '2025-07-31 08:04:59', '2026-01-02 08:04:59'),
	(14, 'sengketa_persil', 24, 'uploads/sengketa_persil/24/file_14.xls', 'Bukti Pembayaran - 14', 'application/vnd.ms-excel', 16, '2025-08-16 08:04:59', '2026-01-02 08:04:59'),
	(15, 'dokumen_persil', 52, 'uploads/dokumen_persil/52/file_15.rar', 'Putusan Pengadilan - 15', 'application/vnd.rar', 6, '2025-11-12 08:04:59', '2026-01-02 08:04:59'),
	(16, 'sengketa_persil', 7, 'uploads/sengketa_persil/7/file_16.gif', 'Scan PBB - 16', 'image/gif', 10, '2025-09-28 08:04:59', '2026-01-02 08:04:59'),
	(17, 'persil', 3, 'uploads/persil/3/file_17.pdf', 'Scan Surat Tanah - 17', 'application/pdf', 6, '2025-10-20 08:04:59', '2026-01-02 08:04:59'),
	(18, 'persil', 7, 'uploads/persil/7/file_18.xlsx', 'Scan Sertifikat - 18', 'application/vnd.openxmlformats-officedocument.spreadsheetml.sheet', 13, '2025-07-19 08:04:59', '2026-01-02 08:04:59'),
	(19, 'persil', 14, 'uploads/persil/14/file_19.rar', 'Surat Gugatan - 19', 'application/vnd.rar', 12, '2025-08-04 08:04:59', '2026-01-02 08:04:59'),
	(20, 'dokumen_persil', 97, 'uploads/dokumen_persil/97/file_20.pdf', 'Foto Sengketa 2 - 20', 'application/pdf', 16, '2025-11-20 08:04:59', '2026-01-02 08:04:59'),
	(21, 'dokumen_persil', 6, 'uploads/dokumen_persil/6/file_21.rar', 'Foto Dokumentasi - 21', 'application/vnd.rar', 9, '2025-10-28 08:04:59', '2026-01-02 08:04:59'),
	(22, 'sengketa_persil', 17, 'uploads/sengketa_persil/17/file_22.zip', 'Foto Sengketa 1 - 22', 'application/zip', 15, '2025-08-24 08:04:59', '2026-01-02 08:04:59'),
	(23, 'dokumen_persil', 43, 'uploads/dokumen_persil/43/file_23.gif', 'Foto Batas Selatan - 23', 'image/gif', 4, '2025-12-01 08:04:59', '2026-01-02 08:04:59'),
	(24, 'sengketa_persil', 2, 'uploads/sengketa_persil/2/file_24.bmp', 'Scan AJB - 24', 'image/bmp', 3, '2025-03-26 08:04:59', '2026-01-02 08:04:59'),
	(25, 'persil', 17, 'uploads/persil/17/file_25.zip', 'Foto Sengketa 2 - 25', 'application/zip', 14, '2025-01-12 08:04:59', '2026-01-02 08:04:59'),
	(26, 'persil', 6, 'uploads/persil/6/file_26.zip', 'Foto Batas Barat - 26', 'application/zip', 12, '2025-06-22 08:04:59', '2026-01-02 08:04:59'),
	(27, 'sengketa_persil', 24, 'uploads/sengketa_persil/24/file_27.docx', 'Peta Digital - 27', 'application/vnd.openxmlformats-officedocument.wordprocessingml.document', 19, '2025-11-21 08:04:59', '2026-01-02 08:04:59'),
	(28, 'sengketa_persil', 28, 'uploads/sengketa_persil/28/file_28.jpg', 'Peta Digital - 28', 'image/jpeg', 6, '2025-08-07 08:04:59', '2026-01-02 08:04:59'),
	(29, 'dokumen_persil', 72, 'uploads/dokumen_persil/72/file_29.jpg', 'Foto Batas Barat - 29', 'image/jpeg', 19, '2025-06-03 08:04:59', '2026-01-02 08:04:59'),
	(30, 'dokumen_persil', 56, 'uploads/dokumen_persil/56/file_30.gif', 'Surat Keterangan - 30', 'image/gif', 13, '2025-10-13 08:04:59', '2026-01-02 08:04:59'),
	(31, 'dokumen_persil', 70, 'uploads/dokumen_persil/70/file_31.bmp', 'Peta Manual - 31', 'image/bmp', 13, '2025-01-25 08:04:59', '2026-01-02 08:04:59'),
	(32, 'persil', 13, 'uploads/persil/13/file_32.docx', 'Foto Batas Utara - 32', 'application/vnd.openxmlformats-officedocument.wordprocessingml.document', 3, '2025-07-30 08:04:59', '2026-01-02 08:04:59'),
	(33, 'sengketa_persil', 4, 'uploads/sengketa_persil/4/file_33.png', 'Putusan Pengadilan - 33', 'image/png', 13, '2025-09-23 08:04:59', '2026-01-02 08:04:59'),
	(34, 'dokumen_persil', 77, 'uploads/dokumen_persil/77/file_34.doc', 'Scan Girik - 34', 'application/msword', 11, '2025-11-09 08:04:59', '2026-01-02 08:04:59'),
	(35, 'dokumen_persil', 38, 'uploads/dokumen_persil/38/file_35.doc', 'Scan PBB - 35', 'application/msword', 6, '2025-07-23 08:04:59', '2026-01-02 08:04:59'),
	(36, 'sengketa_persil', 27, 'uploads/sengketa_persil/27/file_36.rar', 'Peta Manual - 36', 'application/vnd.rar', 16, '2025-02-21 08:04:59', '2026-01-02 08:04:59'),
	(37, 'persil', 11, 'uploads/persil/11/file_37.zip', 'Denah Lokasi - 37', 'application/zip', 16, '2025-12-09 08:04:59', '2026-01-02 08:04:59'),
	(38, 'sengketa_persil', 8, 'uploads/sengketa_persil/8/file_38.xlsx', 'Peta Manual - 38', 'application/vnd.openxmlformats-officedocument.spreadsheetml.sheet', 11, '2025-06-17 08:04:59', '2026-01-02 08:04:59'),
	(39, 'dokumen_persil', 91, 'uploads/dokumen_persil/91/file_39.docx', 'Surat Keterangan - 39', 'application/vnd.openxmlformats-officedocument.wordprocessingml.document', 11, '2025-02-08 08:04:59', '2026-01-02 08:04:59'),
	(40, 'sengketa_persil', 15, 'uploads/sengketa_persil/15/file_40.bmp', 'Scan Surat Tanah - 40', 'image/bmp', 12, '2025-08-16 08:04:59', '2026-01-02 08:04:59'),
	(41, 'dokumen_persil', 18, 'uploads/dokumen_persil/18/file_41.docx', 'Denah Lokasi - 41', 'application/vnd.openxmlformats-officedocument.wordprocessingml.document', 15, '2025-04-26 08:04:59', '2026-01-02 08:04:59'),
	(42, 'persil', 4, 'uploads/persil/4/file_42.doc', 'Scan Sertifikat - 42', 'application/msword', 6, '2025-08-04 08:04:59', '2026-01-02 08:04:59'),
	(43, 'dokumen_persil', 24, 'uploads/dokumen_persil/24/file_43.xlsx', 'Foto Sengketa 2 - 43', 'application/vnd.openxmlformats-officedocument.spreadsheetml.sheet', 14, '2025-06-29 08:04:59', '2026-01-02 08:04:59'),
	(44, 'dokumen_persil', 86, 'uploads/dokumen_persil/86/file_44.rar', 'Foto Bidang Tanah Depan - 44', 'application/vnd.rar', 19, '2025-04-19 08:04:59', '2026-01-02 08:04:59'),
	(45, 'dokumen_persil', 10, 'uploads/dokumen_persil/10/file_45.zip', 'Surat Keterangan - 45', 'application/zip', 13, '2025-04-20 08:04:59', '2026-01-02 08:04:59'),
	(46, 'dokumen_persil', 31, 'uploads/dokumen_persil/31/file_46.docx', 'Scan Girik - 46', 'application/vnd.openxmlformats-officedocument.wordprocessingml.document', 13, '2025-07-19 08:04:59', '2026-01-02 08:04:59'),
	(47, 'dokumen_persil', 33, 'uploads/dokumen_persil/33/file_47.gif', 'Foto Sengketa 1 - 47', 'image/gif', 15, '2025-10-21 08:04:59', '2026-01-02 08:04:59'),
	(48, 'sengketa_persil', 7, 'uploads/sengketa_persil/7/file_48.bmp', 'Berita Acara - 48', 'image/bmp', 15, '2025-03-30 08:04:59', '2026-01-02 08:04:59'),
	(49, 'persil', 6, 'uploads/persil/6/file_49.xls', 'Berita Acara - 49', 'application/vnd.ms-excel', 12, '2025-08-05 08:04:59', '2026-01-02 08:04:59'),
	(50, 'dokumen_persil', 86, 'uploads/dokumen_persil/86/file_50.png', 'Foto Batas Utara - 50', 'image/png', 8, '2025-08-28 08:04:59', '2026-01-02 08:04:59'),
	(51, 'sengketa_persil', 3, 'uploads/sengketa_persil/3/file_51.bmp', 'Dokumen Bukti - 51', 'image/bmp', 7, '2025-06-23 08:04:59', '2026-01-02 08:04:59'),
	(52, 'persil', 6, 'uploads/persil/6/file_52.rar', 'Peta Manual - 52', 'application/vnd.rar', 12, '2025-02-07 08:04:59', '2026-01-02 08:04:59'),
	(53, 'dokumen_persil', 47, 'uploads/dokumen_persil/47/file_53.bmp', 'Laporan Survey - 53', 'image/bmp', 14, '2025-10-30 08:04:59', '2026-01-02 08:04:59'),
	(54, 'sengketa_persil', 21, 'uploads/sengketa_persil/21/file_54.xlsx', 'Scan PBB - 54', 'application/vnd.openxmlformats-officedocument.spreadsheetml.sheet', 8, '2025-02-02 08:04:59', '2026-01-02 08:04:59'),
	(55, 'persil', 18, 'uploads/persil/18/file_55.zip', 'Scan PBB - 55', 'application/zip', 4, '2025-06-24 08:04:59', '2026-01-02 08:04:59'),
	(56, 'dokumen_persil', 65, 'uploads/dokumen_persil/65/file_56.png', 'Surat Gugatan - 56', 'image/png', 19, '2025-01-10 08:04:59', '2026-01-02 08:04:59'),
	(57, 'persil', 10, 'uploads/persil/10/file_57.pdf', 'Peta Manual - 57', 'application/pdf', 8, '2025-10-23 08:04:59', '2026-01-02 08:04:59'),
	(58, 'dokumen_persil', 98, 'uploads/dokumen_persil/98/file_58.xlsx', 'Surat Keterangan - 58', 'application/vnd.openxmlformats-officedocument.spreadsheetml.sheet', 14, '2025-09-15 08:04:59', '2026-01-02 08:04:59'),
	(59, 'sengketa_persil', 26, 'uploads/sengketa_persil/26/file_59.xls', 'Peta Manual - 59', 'application/vnd.ms-excel', 7, '2025-01-24 08:04:59', '2026-01-02 08:04:59'),
	(60, 'dokumen_persil', 89, 'uploads/dokumen_persil/89/file_60.zip', 'Berita Acara - 60', 'application/zip', 19, '2025-06-26 08:04:59', '2026-01-02 08:04:59'),
	(61, 'sengketa_persil', 8, 'uploads/sengketa_persil/8/file_61.xls', 'Dokumen Bukti - 61', 'application/vnd.ms-excel', 19, '2025-10-23 08:04:59', '2026-01-02 08:04:59'),
	(62, 'persil', 19, 'uploads/persil/19/file_62.xlsx', 'Foto Bidang Tanah Depan - 62', 'application/vnd.openxmlformats-officedocument.spreadsheetml.sheet', 3, '2025-05-18 08:04:59', '2026-01-02 08:04:59'),
	(63, 'sengketa_persil', 20, 'uploads/sengketa_persil/20/file_63.xls', 'Foto Bidang Tanah Belakang - 63', 'application/vnd.ms-excel', 11, '2025-04-15 08:04:59', '2026-01-02 08:04:59'),
	(64, 'persil', 4, 'uploads/persil/4/file_64.docx', 'Foto Batas Timur - 64', 'application/vnd.openxmlformats-officedocument.wordprocessingml.document', 16, '2025-10-24 08:04:59', '2026-01-02 08:04:59'),
	(65, 'sengketa_persil', 5, 'uploads/sengketa_persil/5/file_65.doc', 'Scan Girik - 65', 'application/msword', 17, '2025-01-10 08:04:59', '2026-01-02 08:04:59'),
	(66, 'sengketa_persil', 8, 'uploads/sengketa_persil/8/file_66.doc', 'Denah Lokasi - 66', 'application/msword', 1, '2025-11-17 08:04:59', '2026-01-02 08:04:59'),
	(67, 'dokumen_persil', 71, 'uploads/dokumen_persil/71/file_67.doc', 'Scan Surat Tanah - 67', 'application/msword', 15, '2025-05-03 08:04:59', '2026-01-02 08:04:59'),
	(68, 'persil', 15, 'uploads/persil/15/file_68.doc', 'Peta Digital - 68', 'application/msword', 20, '2025-03-02 08:04:59', '2026-01-02 08:04:59'),
	(69, 'persil', 11, 'uploads/persil/11/file_69.bmp', 'Foto Bidang Tanah Belakang - 69', 'image/bmp', 9, '2025-03-05 08:04:59', '2026-01-02 08:04:59'),
	(70, 'dokumen_persil', 97, 'uploads/dokumen_persil/97/file_70.doc', 'Foto Batas Barat - 70', 'application/msword', 9, '2025-03-14 08:04:59', '2026-01-02 08:04:59'),
	(71, 'persil', 12, 'uploads/persil/12/file_71.docx', 'Denah Lokasi - 71', 'application/vnd.openxmlformats-officedocument.wordprocessingml.document', 2, '2025-05-18 08:04:59', '2026-01-02 08:04:59'),
	(72, 'persil', 9, 'uploads/persil/9/file_72.png', 'Peta Digital - 72', 'image/png', 14, '2025-01-10 08:04:59', '2026-01-02 08:04:59'),
	(73, 'persil', 5, 'uploads/persil/5/file_73.rar', 'Dokumen Bukti - 73', 'application/vnd.rar', 14, '2025-07-03 08:04:59', '2026-01-02 08:04:59'),
	(74, 'dokumen_persil', 40, 'uploads/dokumen_persil/40/file_74.bmp', 'Scan Surat Tanah - 74', 'image/bmp', 5, '2025-06-11 08:04:59', '2026-01-02 08:04:59'),
	(75, 'persil', 12, 'uploads/persil/12/file_75.jpg', 'Dokumen Bukti - 75', 'image/jpeg', 3, '2025-08-19 08:04:59', '2026-01-02 08:04:59'),
	(76, 'sengketa_persil', 16, 'uploads/sengketa_persil/16/file_76.png', 'Scan PBB - 76', 'image/png', 20, '2025-08-12 08:04:59', '2026-01-02 08:04:59'),
	(77, 'sengketa_persil', 13, 'uploads/sengketa_persil/13/file_77.pdf', 'Foto Batas Timur - 77', 'application/pdf', 10, '2025-10-29 08:04:59', '2026-01-02 08:04:59'),
	(78, 'sengketa_persil', 18, 'uploads/sengketa_persil/18/file_78.xlsx', 'Scan Surat Tanah - 78', 'application/vnd.openxmlformats-officedocument.spreadsheetml.sheet', 4, '2025-05-28 08:04:59', '2026-01-02 08:04:59'),
	(79, 'dokumen_persil', 63, 'uploads/dokumen_persil/63/file_79.pdf', 'Foto Bidang Tanah Belakang - 79', 'application/pdf', 18, '2025-07-29 08:04:59', '2026-01-02 08:04:59'),
	(80, 'dokumen_persil', 1, 'uploads/dokumen_persil/1/file_80.pdf', 'Foto Bidang Tanah Depan - 80', 'application/pdf', 11, '2025-04-19 08:04:59', '2026-01-02 08:04:59'),
	(81, 'persil', 4, 'uploads/persil/4/file_81.xlsx', 'Foto Bidang Tanah Belakang - 81', 'application/vnd.openxmlformats-officedocument.spreadsheetml.sheet', 3, '2025-06-10 08:04:59', '2026-01-02 08:04:59'),
	(82, 'dokumen_persil', 44, 'uploads/dokumen_persil/44/file_82.pdf', 'Foto Batas Barat - 82', 'application/pdf', 15, '2025-03-05 08:04:59', '2026-01-02 08:04:59'),
	(83, 'sengketa_persil', 21, 'uploads/sengketa_persil/21/file_83.docx', 'Foto Sengketa 1 - 83', 'application/vnd.openxmlformats-officedocument.wordprocessingml.document', 6, '2025-05-27 08:04:59', '2026-01-02 08:04:59'),
	(84, 'sengketa_persil', 2, 'uploads/sengketa_persil/2/file_84.docx', 'Laporan Survey - 84', 'application/vnd.openxmlformats-officedocument.wordprocessingml.document', 11, '2025-06-20 08:04:59', '2026-01-02 08:04:59'),
	(85, 'dokumen_persil', 92, 'uploads/dokumen_persil/92/file_85.gif', 'Scan Girik - 85', 'image/gif', 14, '2025-04-09 08:04:59', '2026-01-02 08:04:59'),
	(86, 'persil', 11, 'uploads/persil/11/file_86.bmp', 'Laporan Survey - 86', 'image/bmp', 8, '2025-11-28 08:04:59', '2026-01-02 08:04:59'),
	(87, 'sengketa_persil', 8, 'uploads/sengketa_persil/8/file_87.pdf', 'Foto Bidang Tanah Belakang - 87', 'application/pdf', 19, '2025-02-11 08:04:59', '2026-01-02 08:04:59'),
	(88, 'dokumen_persil', 81, 'uploads/dokumen_persil/81/file_88.xlsx', 'Scan Girik - 88', 'application/vnd.openxmlformats-officedocument.spreadsheetml.sheet', 19, '2025-10-21 08:04:59', '2026-01-02 08:04:59'),
	(89, 'sengketa_persil', 1, 'uploads/sengketa_persil/1/file_89.docx', 'Berita Acara - 89', 'application/vnd.openxmlformats-officedocument.wordprocessingml.document', 20, '2025-04-06 08:04:59', '2026-01-02 08:04:59'),
	(90, 'persil', 3, 'uploads/persil/3/file_90.jpg', 'Foto Batas Timur - 90', 'image/jpeg', 10, '2025-03-26 08:04:59', '2026-01-02 08:04:59'),
	(91, 'persil', 4, 'uploads/persil/4/file_91.bmp', 'Berita Acara - 91', 'image/bmp', 19, '2025-08-20 08:04:59', '2026-01-02 08:04:59'),
	(92, 'sengketa_persil', 29, 'uploads/sengketa_persil/29/file_92.pdf', 'Putusan Pengadilan - 92', 'application/pdf', 18, '2025-12-28 08:04:59', '2026-01-02 08:04:59'),
	(93, 'sengketa_persil', 6, 'uploads/sengketa_persil/6/file_93.bmp', 'Foto Batas Utara - 93', 'image/bmp', 9, '2025-09-27 08:04:59', '2026-01-02 08:04:59'),
	(94, 'persil', 12, 'uploads/persil/12/file_94.gif', 'Surat Keterangan - 94', 'image/gif', 19, '2025-07-01 08:04:59', '2026-01-02 08:04:59'),
	(95, 'dokumen_persil', 59, 'uploads/dokumen_persil/59/file_95.png', 'Peta Digital - 95', 'image/png', 18, '2025-02-20 08:04:59', '2026-01-02 08:04:59'),
	(96, 'sengketa_persil', 30, 'uploads/sengketa_persil/30/file_96.bmp', 'Scan AJB - 96', 'image/bmp', 3, '2025-08-06 08:04:59', '2026-01-02 08:04:59'),
	(97, 'persil', 11, 'uploads/persil/11/file_97.gif', 'Scan Girik - 97', 'image/gif', 10, '2025-12-24 08:04:59', '2026-01-02 08:04:59'),
	(98, 'dokumen_persil', 40, 'uploads/dokumen_persil/40/file_98.bmp', 'Bukti Pembayaran - 98', 'image/bmp', 6, '2025-04-10 08:04:59', '2026-01-02 08:04:59'),
	(99, 'dokumen_persil', 50, 'uploads/dokumen_persil/50/file_99.zip', 'Scan AJB - 99', 'application/zip', 15, '2025-12-31 08:04:59', '2026-01-02 08:04:59'),
	(100, 'sengketa_persil', 29, 'uploads/sengketa_persil/29/file_100.xls', 'Putusan Pengadilan - 100', 'application/vnd.ms-excel', 20, '2025-09-05 08:04:59', '2026-01-02 08:04:59'),
	(101, 'persil', 21, 'uploads/persil/21/foto_bidang_1767520368_695a387006c9a.png', 'Foto Bidang Tanah - 1', 'image/png', 0, '2026-01-04 02:52:48', '2026-01-04 02:52:48'),
	(102, 'persil', 21, 'uploads/persil/21/koordinat_1767520368_695a387017214.png', 'File Koordinat - 1', 'image/png', 1, '2026-01-04 02:52:48', '2026-01-04 02:52:48'),
	(103, 'peta_persil', 101, 'uploads/peta_persil/101/peta_1767521355_695a3c4b62dcc.png', 'Peta 1', 'image/png', 0, '2026-01-04 03:09:15', '2026-01-04 03:09:15'),
	(104, 'persil', 21, 'uploads/persil/21/foto_bidang_1767522411_695a406b29e38.jpg', 'Foto - 1', 'image/jpeg', 2, '2026-01-04 03:26:51', '2026-01-04 03:26:51'),
	(105, 'dokumen_persil', 101, 'uploads/dokumen_persil/101/dokumen_1767525997_695a4e6d5023e.png', 'Dokumen AJB - 1', 'image/png', 0, '2026-01-04 04:26:37', '2026-01-04 04:26:37'),
	(106, 'sengketa_persil', 61, 'uploads/sengketa_persil/61/sengketa_1767531338_695a634a439ca.jpg', 'Bukti Sengketa - 1', 'image/jpeg', 0, '2026-01-04 05:55:38', '2026-01-04 05:55:38');

-- Dumping structure for table persil-admin.migrations
CREATE TABLE IF NOT EXISTS `migrations` (
  `id` int unsigned NOT NULL AUTO_INCREMENT,
  `migration` varchar(255) COLLATE utf8mb4_unicode_ci NOT NULL,
  `batch` int NOT NULL,
  PRIMARY KEY (`id`)
) ENGINE=InnoDB AUTO_INCREMENT=12 DEFAULT CHARSET=utf8mb4 COLLATE=utf8mb4_unicode_ci;

-- Dumping data for table persil-admin.migrations: ~11 rows (approximately)
INSERT INTO `migrations` (`id`, `migration`, `batch`) VALUES
	(1, '0001_01_01_000000_create_users_table', 1),
	(2, '0001_01_01_000001_create_cache_table', 1),
	(3, '0001_01_01_000002_create_jobs_table', 1),
	(4, '2026_01_02_134428_create_warga_table', 1),
	(5, '2026_01_02_134444_create_persil_table', 1),
	(6, '2026_01_02_134509_create_jenis_penggunaan_table', 1),
	(7, '2026_01_02_134521_create_dokumen_persil_table', 1),
	(8, '2026_01_02_134533_create_peta_persil_table', 1),
	(9, '2026_01_02_134545_create_sengketa_persil_table', 1),
	(10, '2026_01_02_134557_create_media_table', 1),
	(11, '2026_01_02_134613_add_role_to_users_table', 1);

-- Dumping structure for table persil-admin.password_reset_tokens
CREATE TABLE IF NOT EXISTS `password_reset_tokens` (
  `email` varchar(255) COLLATE utf8mb4_unicode_ci NOT NULL,
  `token` varchar(255) COLLATE utf8mb4_unicode_ci NOT NULL,
  `created_at` timestamp NULL DEFAULT NULL,
  PRIMARY KEY (`email`)
) ENGINE=InnoDB DEFAULT CHARSET=utf8mb4 COLLATE=utf8mb4_unicode_ci;

-- Dumping data for table persil-admin.password_reset_tokens: ~0 rows (approximately)

-- Dumping structure for table persil-admin.persil
CREATE TABLE IF NOT EXISTS `persil` (
  `persil_id` bigint unsigned NOT NULL AUTO_INCREMENT,
  `kode_persil` varchar(255) COLLATE utf8mb4_unicode_ci NOT NULL,
  `pemilik_warga_id` bigint unsigned DEFAULT NULL,
  `luas_m2` decimal(10,2) NOT NULL,
  `penggunaan` varchar(255) COLLATE utf8mb4_unicode_ci DEFAULT NULL,
  `alamat_lahan` text COLLATE utf8mb4_unicode_ci NOT NULL,
  `rt` varchar(3) COLLATE utf8mb4_unicode_ci NOT NULL,
  `rw` varchar(3) COLLATE utf8mb4_unicode_ci NOT NULL,
  `created_at` timestamp NULL DEFAULT NULL,
  `updated_at` timestamp NULL DEFAULT NULL,
  PRIMARY KEY (`persil_id`),
  UNIQUE KEY `persil_kode_persil_unique` (`kode_persil`),
  KEY `persil_pemilik_warga_id_foreign` (`pemilik_warga_id`),
  CONSTRAINT `persil_pemilik_warga_id_foreign` FOREIGN KEY (`pemilik_warga_id`) REFERENCES `warga` (`warga_id`) ON DELETE SET NULL
) ENGINE=InnoDB AUTO_INCREMENT=22 DEFAULT CHARSET=utf8mb4 COLLATE=utf8mb4_unicode_ci;

-- Dumping data for table persil-admin.persil: ~21 rows (approximately)
INSERT INTO `persil` (`persil_id`, `kode_persil`, `pemilik_warga_id`, `luas_m2`, `penggunaan`, `alamat_lahan`, `rt`, `rw`, `created_at`, `updated_at`) VALUES
	(1, 'PSL-001', 61, 376.00, 'Komersial', 'Jl. Pendidikan No. 45', '002', '002', '2025-03-05 08:04:59', '2026-01-02 08:04:59'),
	(2, 'PSL-002', 12, 153.00, 'Komersial', 'Jl. Veteran No. 7', '002', '002', '2025-11-14 08:04:59', '2026-01-02 08:04:59'),
	(3, 'PSL-003', 12, 223.00, 'Industri', 'Jl. Pahlawan No. 30', '001', '001', '2025-09-23 08:04:59', '2026-01-02 08:04:59'),
	(4, 'PSL-004', 47, 757.00, 'Perumahan', 'Jl. Merdeka No. 10', '005', '002', '2025-04-21 08:04:59', '2026-01-02 08:04:59'),
	(5, 'PSL-005', 86, 726.00, 'Perkebunan', 'Jl. A. Yani No. 20', '005', '001', '2025-11-16 08:04:59', '2026-01-02 08:04:59'),
	(6, 'PSL-006', 11, 571.00, 'Perumahan', 'Jl. Diponegoro No. 12', '002', '002', '2025-11-25 08:04:59', '2026-01-02 08:04:59'),
	(7, 'PSL-007', 27, 302.00, 'Pertanian', 'Jl. Diponegoro No. 12', '002', '001', '2025-04-24 08:04:59', '2026-01-02 08:04:59'),
	(8, 'PSL-008', 85, 784.00, 'Perumahan', 'Jl. A. Yani No. 20', '004', '002', '2025-05-14 08:04:59', '2026-01-02 08:04:59'),
	(9, 'PSL-009', 44, 511.00, 'Perkebunan', 'Jl. Hayam Wuruk No. 15', '002', '001', '2025-12-22 08:04:59', '2026-01-02 08:04:59'),
	(10, 'PSL-010', 31, 397.00, 'Perkebunan', 'Jl. Veteran No. 7', '003', '003', '2025-03-25 08:04:59', '2026-01-02 08:04:59'),
	(11, 'PSL-011', 85, 139.00, 'Perumahan', 'Jl. Sudirman No. 25', '003', '001', '2025-04-17 08:04:59', '2026-01-02 08:04:59'),
	(12, 'PSL-012', 76, 713.00, 'Industri', 'Jl. Gatot Subroto No. 5', '001', '001', '2025-12-03 08:04:59', '2026-01-02 08:04:59'),
	(13, 'PSL-013', 55, 334.00, 'Pertanian', 'Jl. Thamrin No. 8', '001', '001', '2025-06-07 08:04:59', '2026-01-02 08:04:59'),
	(14, 'PSL-014', 7, 393.00, 'Perumahan', 'Jl. Gatot Subroto No. 5', '001', '003', '2025-04-16 08:04:59', '2026-01-02 08:04:59'),
	(15, 'PSL-015', 37, 986.00, 'Pertanian', 'Jl. Diponegoro No. 12', '003', '001', '2025-06-12 08:04:59', '2026-01-02 08:04:59'),
	(16, 'PSL-016', 78, 909.00, 'Pertanian', 'Jl. Gatot Subroto No. 5', '002', '002', '2025-04-12 08:04:59', '2026-01-02 08:04:59'),
	(17, 'PSL-017', 42, 624.00, 'Industri', 'Jl. Merdeka No. 10', '002', '002', '2025-02-02 08:04:59', '2026-01-02 08:04:59'),
	(18, 'PSL-018', 37, 269.00, 'Perkebunan', 'Jl. Veteran No. 7', '004', '001', '2025-03-28 08:04:59', '2026-01-02 08:04:59'),
	(19, 'PSL-019', 2, 986.00, 'Komersial', 'Jl. Pahlawan No. 30', '004', '003', '2025-06-15 08:04:59', '2026-01-02 08:04:59'),
	(20, 'PSL-020', 85, 529.00, 'Pertanian', 'Jl. Pendidikan No. 45', '002', '001', '2025-01-23 08:04:59', '2026-01-02 08:04:59'),
	(21, '12345', 25, 0.03, 'Konservasi', 'DgdssfgSv', '001', '013', '2026-01-04 02:52:44', '2026-01-04 03:26:51');

-- Dumping structure for table persil-admin.peta_persil
CREATE TABLE IF NOT EXISTS `peta_persil` (
  `peta_id` bigint unsigned NOT NULL AUTO_INCREMENT,
  `persil_id` bigint unsigned NOT NULL,
  `geojson` json DEFAULT NULL,
  `panjang_m` decimal(10,2) DEFAULT NULL,
  `lebar_m` decimal(10,2) DEFAULT NULL,
  `created_at` timestamp NULL DEFAULT NULL,
  `updated_at` timestamp NULL DEFAULT NULL,
  PRIMARY KEY (`peta_id`),
  KEY `peta_persil_persil_id_foreign` (`persil_id`),
  CONSTRAINT `peta_persil_persil_id_foreign` FOREIGN KEY (`persil_id`) REFERENCES `persil` (`persil_id`) ON DELETE CASCADE
) ENGINE=InnoDB AUTO_INCREMENT=102 DEFAULT CHARSET=utf8mb4 COLLATE=utf8mb4_unicode_ci;

-- Dumping data for table persil-admin.peta_persil: ~101 rows (approximately)
INSERT INTO `peta_persil` (`peta_id`, `persil_id`, `geojson`, `panjang_m`, `lebar_m`, `created_at`, `updated_at`) VALUES
	(1, 8, '{"type": "Feature", "geometry": {"type": "Polygon", "coordinates": [[[107.6531, -6.8580000000000005], [107.6449, -6.825900000000001], [107.631, -6.8624], [107.6966, -6.8625], [107.6657, -6.827500000000001]]]}, "properties": {"name": "Persil 8", "area_m2": 10682, "created": "2026-01-02", "persil_id": 8}}', 109.00, 98.00, '2025-02-27 08:04:59', '2026-01-02 08:04:59'),
	(2, 18, '{"type": "Feature", "geometry": {"type": "Polygon", "coordinates": [[[107.6709, -6.839], [107.6623, -6.822], [107.6722, -6.8142000000000005], [107.6554, -6.8642], [107.6203, -6.840000000000001]]]}, "properties": {"name": "Persil 18", "area_m2": 3510, "created": "2026-01-02", "persil_id": 18}}', 135.00, 26.00, '2025-02-02 08:04:59', '2026-01-02 08:04:59'),
	(3, 2, '{"type": "Feature", "geometry": {"type": "Polygon", "coordinates": [[[107.6305, -6.838900000000001], [107.6239, -6.838900000000001], [107.6234, -6.8948], [107.6785, -6.8122], [107.6513, -6.8674]]]}, "properties": {"name": "Persil 2", "area_m2": 5986, "created": "2026-01-02", "persil_id": 2}}', 73.00, 82.00, '2025-01-18 08:04:59', '2026-01-02 08:04:59'),
	(4, 15, '{"type": "Feature", "geometry": {"type": "Polygon", "coordinates": [[[107.6389, -6.856400000000001], [107.701, -6.8306], [107.6121, -6.8572], [107.6719, -6.8828000000000005], [107.6258, -6.8194]]]}, "properties": {"name": "Persil 15", "area_m2": 4200, "created": "2026-01-02", "persil_id": 15}}', 84.00, 50.00, '2025-08-14 08:04:59', '2026-01-02 08:04:59'),
	(5, 5, '{"type": "Feature", "geometry": {"type": "Polygon", "coordinates": [[[107.6452, -6.8666], [107.7041, -6.822500000000001], [107.6927, -6.8327], [107.6772, -6.8985], [107.626, -6.865600000000001]]]}, "properties": {"name": "Persil 5", "area_m2": 5278, "created": "2026-01-02", "persil_id": 5}}', 182.00, 29.00, '2025-10-16 08:04:59', '2026-01-02 08:04:59'),
	(6, 12, '{"type": "Feature", "geometry": {"type": "Polygon", "coordinates": [[[107.6596, -6.806100000000001], [107.6812, -6.8822], [107.6862, -6.876], [107.611, -6.8691], [107.6559, -6.8215]]]}, "properties": {"name": "Persil 12", "area_m2": 4350, "created": "2026-01-02", "persil_id": 12}}', 50.00, 87.00, '2025-11-24 08:04:59', '2026-01-02 08:04:59'),
	(7, 6, '{"type": "Feature", "geometry": {"type": "Polygon", "coordinates": [[[107.6189, -6.8951], [107.6469, -6.8795], [107.6913, -6.8623], [107.6748, -6.8219], [107.6043, -6.8523000000000005]]]}, "properties": {"name": "Persil 6", "area_m2": 4056, "created": "2026-01-02", "persil_id": 6}}', 104.00, 39.00, '2025-11-23 08:04:59', '2026-01-02 08:04:59'),
	(8, 14, '{"type": "Feature", "geometry": {"type": "Polygon", "coordinates": [[[107.6216, -6.859], [107.6335, -6.8875], [107.6812, -6.9021], [107.6087, -6.8818], [107.6316, -6.831300000000001]]]}, "properties": {"name": "Persil 14", "area_m2": 12078, "created": "2026-01-02", "persil_id": 14}}', 183.00, 66.00, '2025-09-11 08:04:59', '2026-01-02 08:04:59'),
	(9, 15, '{"type": "Feature", "geometry": {"type": "Polygon", "coordinates": [[[107.6265, -6.8197], [107.65, -6.8833], [107.6573, -6.8716], [107.6574, -6.8522], [107.6409, -6.883500000000001]]]}, "properties": {"name": "Persil 15", "area_m2": 16731, "created": "2026-01-02", "persil_id": 15}}', 143.00, 117.00, '2025-09-01 08:04:59', '2026-01-02 08:04:59'),
	(10, 16, '{"type": "Feature", "geometry": {"type": "Polygon", "coordinates": [[[107.685, -6.8211], [107.6887, -6.8577], [107.6837, -6.8308], [107.6762, -6.9006], [107.6325, -6.8047]]]}, "properties": {"name": "Persil 16", "area_m2": 2146, "created": "2026-01-02", "persil_id": 16}}', 58.00, 37.00, '2025-03-20 08:04:59', '2026-01-02 08:04:59'),
	(11, 18, '{"type": "Feature", "geometry": {"type": "Polygon", "coordinates": [[[107.6708, -6.8962], [107.6711, -6.876600000000001], [107.6625, -6.86], [107.6804, -6.8593], [107.6279, -6.8788]]]}, "properties": {"name": "Persil 18", "area_m2": 9646, "created": "2026-01-02", "persil_id": 18}}', 182.00, 53.00, '2025-04-05 08:04:59', '2026-01-02 08:04:59'),
	(12, 11, '{"type": "Feature", "geometry": {"type": "Polygon", "coordinates": [[[107.6623, -6.8097], [107.707, -6.8429], [107.6125, -6.8846], [107.684, -6.8581], [107.6013, -6.8929]]]}, "properties": {"name": "Persil 11", "area_m2": 3848, "created": "2026-01-02", "persil_id": 11}}', 148.00, 26.00, '2025-10-28 08:04:59', '2026-01-02 08:04:59'),
	(13, 13, '{"type": "Feature", "geometry": {"type": "Polygon", "coordinates": [[[107.6567, -6.8009], [107.6623, -6.8158], [107.6142, -6.8849], [107.6964, -6.8157000000000005], [107.6127, -6.8177]]]}, "properties": {"name": "Persil 13", "area_m2": 3860, "created": "2026-01-02", "persil_id": 13}}', 193.00, 20.00, '2025-03-22 08:04:59', '2026-01-02 08:04:59'),
	(14, 3, '{"type": "Feature", "geometry": {"type": "Polygon", "coordinates": [[[107.6674, -6.8051], [107.6374, -6.8085], [107.7063, -6.8764], [107.656, -6.8757], [107.662, -6.8661]]]}, "properties": {"name": "Persil 3", "area_m2": 8568, "created": "2026-01-02", "persil_id": 3}}', 136.00, 63.00, '2025-11-23 08:04:59', '2026-01-02 08:04:59'),
	(15, 8, '{"type": "Feature", "geometry": {"type": "Polygon", "coordinates": [[[107.679, -6.8212], [107.619, -6.849900000000001], [107.66, -6.814], [107.6311, -6.9009], [107.6699, -6.8707]]]}, "properties": {"name": "Persil 8", "area_m2": 2928, "created": "2026-01-02", "persil_id": 8}}', 48.00, 61.00, '2025-08-20 08:04:59', '2026-01-02 08:04:59'),
	(16, 8, '{"type": "Feature", "geometry": {"type": "Polygon", "coordinates": [[[107.6822, -6.844], [107.6298, -6.8525], [107.6267, -6.8420000000000005], [107.6425, -6.8535], [107.6378, -6.8272]]]}, "properties": {"name": "Persil 8", "area_m2": 12690, "created": "2026-01-02", "persil_id": 8}}', 90.00, 141.00, '2025-02-23 08:04:59', '2026-01-02 08:04:59'),
	(17, 10, '{"type": "Feature", "geometry": {"type": "Polygon", "coordinates": [[[107.6991, -6.8147], [107.7087, -6.8011], [107.6425, -6.8265], [107.6628, -6.862], [107.6833, -6.8029]]]}, "properties": {"name": "Persil 10", "area_m2": 2125, "created": "2026-01-02", "persil_id": 10}}', 85.00, 25.00, '2025-12-14 08:04:59', '2026-01-02 08:04:59'),
	(18, 4, '{"type": "Feature", "geometry": {"type": "Polygon", "coordinates": [[[107.6782, -6.828], [107.7075, -6.842300000000001], [107.6277, -6.8266], [107.6183, -6.8706000000000005], [107.6581, -6.8193]]]}, "properties": {"name": "Persil 4", "area_m2": 3304, "created": "2026-01-02", "persil_id": 4}}', 28.00, 118.00, '2025-07-23 08:04:59', '2026-01-02 08:04:59'),
	(19, 1, '{"type": "Feature", "geometry": {"type": "Polygon", "coordinates": [[[107.6421, -6.854], [107.6579, -6.827400000000001], [107.6125, -6.9046], [107.6429, -6.8426], [107.6113, -6.8699]]]}, "properties": {"name": "Persil 1", "area_m2": 14960, "created": "2026-01-02", "persil_id": 1}}', 187.00, 80.00, '2025-03-29 08:04:59', '2026-01-02 08:04:59'),
	(20, 17, '{"type": "Feature", "geometry": {"type": "Polygon", "coordinates": [[[107.6062, -6.8927000000000005], [107.6303, -6.801900000000001], [107.6127, -6.8292], [107.6345, -6.8274], [107.6222, -6.8181]]]}, "properties": {"name": "Persil 17", "area_m2": 4176, "created": "2026-01-02", "persil_id": 17}}', 174.00, 24.00, '2025-04-05 08:04:59', '2026-01-02 08:04:59'),
	(21, 18, '{"type": "Feature", "geometry": {"type": "Polygon", "coordinates": [[[107.6143, -6.8133], [107.6416, -6.8886], [107.6318, -6.8526], [107.6659, -6.8974], [107.6465, -6.8434]]]}, "properties": {"name": "Persil 18", "area_m2": 4386, "created": "2026-01-02", "persil_id": 18}}', 51.00, 86.00, '2025-07-01 08:04:59', '2026-01-02 08:04:59'),
	(22, 8, '{"type": "Feature", "geometry": {"type": "Polygon", "coordinates": [[[107.6099, -6.862500000000001], [107.6969, -6.8697], [107.6897, -6.8297], [107.6443, -6.8196], [107.6735, -6.8601]]]}, "properties": {"name": "Persil 8", "area_m2": 18560, "created": "2026-01-02", "persil_id": 8}}', 160.00, 116.00, '2025-07-17 08:04:59', '2026-01-02 08:04:59'),
	(23, 20, '{"type": "Feature", "geometry": {"type": "Polygon", "coordinates": [[[107.6821, -6.8706000000000005], [107.6454, -6.8838], [107.6819, -6.833], [107.637, -6.8634], [107.6906, -6.8219]]]}, "properties": {"name": "Persil 20", "area_m2": 3640, "created": "2026-01-02", "persil_id": 20}}', 52.00, 70.00, '2025-08-10 08:04:59', '2026-01-02 08:04:59'),
	(24, 2, '{"type": "Feature", "geometry": {"type": "Polygon", "coordinates": [[[107.6728, -6.888400000000001], [107.706, -6.8292], [107.6129, -6.8948], [107.6003, -6.9079], [107.6991, -6.825200000000001]]]}, "properties": {"name": "Persil 2", "area_m2": 1170, "created": "2026-01-02", "persil_id": 2}}', 90.00, 13.00, '2025-03-31 08:04:59', '2026-01-02 08:04:59'),
	(25, 2, '{"type": "Feature", "geometry": {"type": "Polygon", "coordinates": [[[107.6374, -6.8702000000000005], [107.6605, -6.8100000000000005], [107.6431, -6.8226], [107.6733, -6.8629], [107.635, -6.8604]]]}, "properties": {"name": "Persil 2", "area_m2": 9504, "created": "2026-01-02", "persil_id": 2}}', 198.00, 48.00, '2025-11-11 08:04:59', '2026-01-02 08:04:59'),
	(26, 10, '{"type": "Feature", "geometry": {"type": "Polygon", "coordinates": [[[107.6936, -6.8055], [107.6259, -6.8174], [107.6275, -6.8306], [107.6443, -6.9007000000000005], [107.6809, -6.8664000000000005]]]}, "properties": {"name": "Persil 10", "area_m2": 3042, "created": "2026-01-02", "persil_id": 10}}', 26.00, 117.00, '2025-08-07 08:04:59', '2026-01-02 08:04:59'),
	(27, 13, '{"type": "Feature", "geometry": {"type": "Polygon", "coordinates": [[[107.6657, -6.8923000000000005], [107.6116, -6.8432], [107.677, -6.8244], [107.6859, -6.8307], [107.6254, -6.8935]]]}, "properties": {"name": "Persil 13", "area_m2": 17248, "created": "2026-01-02", "persil_id": 13}}', 154.00, 112.00, '2025-11-10 08:04:59', '2026-01-02 08:04:59'),
	(28, 9, '{"type": "Feature", "geometry": {"type": "Polygon", "coordinates": [[[107.6941, -6.8304], [107.6768, -6.8327], [107.6745, -6.8379], [107.6097, -6.8371], [107.6131, -6.8207]]]}, "properties": {"name": "Persil 9", "area_m2": 480, "created": "2026-01-02", "persil_id": 9}}', 30.00, 16.00, '2025-04-06 08:04:59', '2026-01-02 08:04:59'),
	(29, 17, '{"type": "Feature", "geometry": {"type": "Polygon", "coordinates": [[[107.6646, -6.8955], [107.6891, -6.896100000000001], [107.6729, -6.8623], [107.6832, -6.894], [107.6382, -6.837400000000001]]]}, "properties": {"name": "Persil 17", "area_m2": 4158, "created": "2026-01-02", "persil_id": 17}}', 189.00, 22.00, '2025-08-29 08:04:59', '2026-01-02 08:04:59'),
	(30, 10, '{"type": "Feature", "geometry": {"type": "Polygon", "coordinates": [[[107.6489, -6.8154], [107.6841, -6.8703], [107.6467, -6.8993], [107.6847, -6.865], [107.6018, -6.8914]]]}, "properties": {"name": "Persil 10", "area_m2": 2592, "created": "2026-01-02", "persil_id": 10}}', 27.00, 96.00, '2025-08-27 08:04:59', '2026-01-02 08:04:59'),
	(31, 2, '{"type": "Feature", "geometry": {"type": "Polygon", "coordinates": [[[107.6972, -6.8885000000000005], [107.6901, -6.8037], [107.6331, -6.8889000000000005], [107.6798, -6.8634], [107.6418, -6.8962]]]}, "properties": {"name": "Persil 2", "area_m2": 21672, "created": "2026-01-02", "persil_id": 2}}', 168.00, 129.00, '2025-07-05 08:04:59', '2026-01-02 08:04:59'),
	(32, 18, '{"type": "Feature", "geometry": {"type": "Polygon", "coordinates": [[[107.6558, -6.8020000000000005], [107.6381, -6.8456], [107.6775, -6.8898], [107.6334, -6.8615], [107.6078, -6.845400000000001]]]}, "properties": {"name": "Persil 18", "area_m2": 25330, "created": "2026-01-02", "persil_id": 18}}', 170.00, 149.00, '2025-10-22 08:04:59', '2026-01-02 08:04:59'),
	(33, 20, '{"type": "Feature", "geometry": {"type": "Polygon", "coordinates": [[[107.6745, -6.8533], [107.6826, -6.8382000000000005], [107.7005, -6.8234], [107.6347, -6.8487], [107.666, -6.8078]]]}, "properties": {"name": "Persil 20", "area_m2": 5040, "created": "2026-01-02", "persil_id": 20}}', 48.00, 105.00, '2025-01-20 08:04:59', '2026-01-02 08:04:59'),
	(34, 15, '{"type": "Feature", "geometry": {"type": "Polygon", "coordinates": [[[107.6649, -6.8186], [107.6722, -6.8645000000000005], [107.7039, -6.8263], [107.6779, -6.8672], [107.6155, -6.8227]]]}, "properties": {"name": "Persil 15", "area_m2": 1734, "created": "2026-01-02", "persil_id": 15}}', 51.00, 34.00, '2025-07-24 08:04:59', '2026-01-02 08:04:59'),
	(35, 19, '{"type": "Feature", "geometry": {"type": "Polygon", "coordinates": [[[107.6266, -6.8407], [107.6827, -6.8293], [107.685, -6.822], [107.6869, -6.8165], [107.6315, -6.804600000000001]]]}, "properties": {"name": "Persil 19", "area_m2": 6435, "created": "2026-01-02", "persil_id": 19}}', 195.00, 33.00, '2025-11-13 08:04:59', '2026-01-02 08:04:59'),
	(36, 8, '{"type": "Feature", "geometry": {"type": "Polygon", "coordinates": [[[107.6627, -6.8128], [107.6383, -6.8298000000000005], [107.6751, -6.905], [107.6905, -6.8265], [107.6089, -6.8287]]]}, "properties": {"name": "Persil 8", "area_m2": 3808, "created": "2026-01-02", "persil_id": 8}}', 112.00, 34.00, '2025-05-21 08:04:59', '2026-01-02 08:04:59'),
	(37, 1, '{"type": "Feature", "geometry": {"type": "Polygon", "coordinates": [[[107.6896, -6.862100000000001], [107.664, -6.882300000000001], [107.6747, -6.9062], [107.6092, -6.8858], [107.6836, -6.897600000000001]]]}, "properties": {"name": "Persil 1", "area_m2": 2875, "created": "2026-01-02", "persil_id": 1}}', 23.00, 125.00, '2025-06-14 08:04:59', '2026-01-02 08:04:59'),
	(38, 3, '{"type": "Feature", "geometry": {"type": "Polygon", "coordinates": [[[107.6908, -6.8737], [107.7035, -6.8445], [107.6703, -6.8914], [107.6553, -6.8494], [107.6783, -6.831600000000001]]]}, "properties": {"name": "Persil 3", "area_m2": 15996, "created": "2026-01-02", "persil_id": 3}}', 172.00, 93.00, '2025-05-23 08:04:59', '2026-01-02 08:04:59'),
	(39, 15, '{"type": "Feature", "geometry": {"type": "Polygon", "coordinates": [[[107.6753, -6.8437], [107.6718, -6.8466000000000005], [107.6358, -6.8547], [107.6959, -6.9059], [107.6401, -6.840800000000001]]]}, "properties": {"name": "Persil 15", "area_m2": 3888, "created": "2026-01-02", "persil_id": 15}}', 108.00, 36.00, '2025-03-09 08:04:59', '2026-01-02 08:04:59'),
	(40, 8, '{"type": "Feature", "geometry": {"type": "Polygon", "coordinates": [[[107.6474, -6.87], [107.6276, -6.867500000000001], [107.6822, -6.8128], [107.6871, -6.877800000000001], [107.6744, -6.8543]]]}, "properties": {"name": "Persil 8", "area_m2": 867, "created": "2026-01-02", "persil_id": 8}}', 51.00, 17.00, '2025-11-30 08:04:59', '2026-01-02 08:04:59'),
	(41, 6, '{"type": "Feature", "geometry": {"type": "Polygon", "coordinates": [[[107.6629, -6.8984000000000005], [107.6348, -6.8786000000000005], [107.6893, -6.8713], [107.6662, -6.8632], [107.6982, -6.8608]]]}, "properties": {"name": "Persil 6", "area_m2": 19939, "created": "2026-01-02", "persil_id": 6}}', 157.00, 127.00, '2025-09-15 08:04:59', '2026-01-02 08:04:59'),
	(42, 15, '{"type": "Feature", "geometry": {"type": "Polygon", "coordinates": [[[107.6371, -6.8249], [107.653, -6.8748000000000005], [107.708, -6.8782000000000005], [107.6612, -6.8733], [107.6296, -6.882300000000001]]]}, "properties": {"name": "Persil 15", "area_m2": 3660, "created": "2026-01-02", "persil_id": 15}}', 60.00, 61.00, '2025-01-30 08:04:59', '2026-01-02 08:04:59'),
	(43, 4, '{"type": "Feature", "geometry": {"type": "Polygon", "coordinates": [[[107.6302, -6.8843000000000005], [107.661, -6.862500000000001], [107.7025, -6.8696], [107.626, -6.8707], [107.6419, -6.8871]]]}, "properties": {"name": "Persil 4", "area_m2": 7440, "created": "2026-01-02", "persil_id": 4}}', 80.00, 93.00, '2025-10-29 08:04:59', '2026-01-02 08:04:59'),
	(44, 10, '{"type": "Feature", "geometry": {"type": "Polygon", "coordinates": [[[107.6841, -6.8148], [107.62, -6.8293], [107.6723, -6.8915], [107.6722, -6.8728], [107.6333, -6.868200000000001]]]}, "properties": {"name": "Persil 10", "area_m2": 6519, "created": "2026-01-02", "persil_id": 10}}', 53.00, 123.00, '2025-06-23 08:04:59', '2026-01-02 08:04:59'),
	(45, 6, '{"type": "Feature", "geometry": {"type": "Polygon", "coordinates": [[[107.6697, -6.8726], [107.66, -6.8923000000000005], [107.6772, -6.867], [107.6068, -6.8481000000000005], [107.6366, -6.8508]]]}, "properties": {"name": "Persil 6", "area_m2": 12644, "created": "2026-01-02", "persil_id": 6}}', 116.00, 109.00, '2025-09-24 08:04:59', '2026-01-02 08:04:59'),
	(46, 4, '{"type": "Feature", "geometry": {"type": "Polygon", "coordinates": [[[107.6818, -6.8009], [107.6796, -6.8181], [107.6907, -6.8117], [107.6551, -6.8842], [107.6244, -6.893400000000001]]]}, "properties": {"name": "Persil 4", "area_m2": 13176, "created": "2026-01-02", "persil_id": 4}}', 122.00, 108.00, '2025-01-24 08:04:59', '2026-01-02 08:04:59'),
	(47, 18, '{"type": "Feature", "geometry": {"type": "Polygon", "coordinates": [[[107.6058, -6.857200000000001], [107.7082, -6.8449], [107.6863, -6.8277], [107.6789, -6.8928], [107.6504, -6.888800000000001]]]}, "properties": {"name": "Persil 18", "area_m2": 15836, "created": "2026-01-02", "persil_id": 18}}', 148.00, 107.00, '2025-01-21 08:04:59', '2026-01-02 08:04:59'),
	(48, 5, '{"type": "Feature", "geometry": {"type": "Polygon", "coordinates": [[[107.6861, -6.8668000000000005], [107.6968, -6.800800000000001], [107.6701, -6.8968], [107.6397, -6.8609], [107.6787, -6.8100000000000005]]]}, "properties": {"name": "Persil 5", "area_m2": 15950, "created": "2026-01-02", "persil_id": 5}}', 145.00, 110.00, '2025-06-09 08:04:59', '2026-01-02 08:04:59'),
	(49, 13, '{"type": "Feature", "geometry": {"type": "Polygon", "coordinates": [[[107.6493, -6.8635], [107.6749, -6.8948], [107.6686, -6.8682], [107.6537, -6.886], [107.6359, -6.838500000000001]]]}, "properties": {"name": "Persil 13", "area_m2": 4446, "created": "2026-01-02", "persil_id": 13}}', 39.00, 114.00, '2025-07-31 08:04:59', '2026-01-02 08:04:59'),
	(50, 15, '{"type": "Feature", "geometry": {"type": "Polygon", "coordinates": [[[107.6654, -6.8467], [107.6526, -6.8783], [107.676, -6.8481000000000005], [107.6122, -6.8978], [107.6648, -6.8276]]]}, "properties": {"name": "Persil 15", "area_m2": 3139, "created": "2026-01-02", "persil_id": 15}}', 73.00, 43.00, '2025-08-30 08:04:59', '2026-01-02 08:04:59'),
	(51, 2, '{"type": "Feature", "geometry": {"type": "Polygon", "coordinates": [[[107.6922, -6.8436], [107.6802, -6.8565000000000005], [107.657, -6.8888], [107.6823, -6.8274], [107.6132, -6.8898]]]}, "properties": {"name": "Persil 2", "area_m2": 4347, "created": "2026-01-02", "persil_id": 2}}', 69.00, 63.00, '2025-11-12 08:04:59', '2026-01-02 08:04:59'),
	(52, 2, '{"type": "Feature", "geometry": {"type": "Polygon", "coordinates": [[[107.6357, -6.8338], [107.6104, -6.8066], [107.6445, -6.9021], [107.6515, -6.8864], [107.6395, -6.859800000000001]]]}, "properties": {"name": "Persil 2", "area_m2": 3800, "created": "2026-01-02", "persil_id": 2}}', 95.00, 40.00, '2025-03-19 08:04:59', '2026-01-02 08:04:59'),
	(53, 11, '{"type": "Feature", "geometry": {"type": "Polygon", "coordinates": [[[107.6383, -6.8074], [107.6675, -6.8163], [107.6898, -6.8221], [107.6091, -6.9015], [107.6375, -6.887700000000001]]]}, "properties": {"name": "Persil 11", "area_m2": 4050, "created": "2026-01-02", "persil_id": 11}}', 135.00, 30.00, '2025-12-18 08:04:59', '2026-01-02 08:04:59'),
	(54, 1, '{"type": "Feature", "geometry": {"type": "Polygon", "coordinates": [[[107.6456, -6.8152], [107.6638, -6.8117], [107.6932, -6.8273], [107.6741, -6.8737], [107.6827, -6.887300000000001]]]}, "properties": {"name": "Persil 1", "area_m2": 1386, "created": "2026-01-02", "persil_id": 1}}', 99.00, 14.00, '2025-02-08 08:04:59', '2026-01-02 08:04:59'),
	(55, 4, '{"type": "Feature", "geometry": {"type": "Polygon", "coordinates": [[[107.6829, -6.8152], [107.6468, -6.8058000000000005], [107.6701, -6.8534], [107.6134, -6.8362], [107.6882, -6.8387]]]}, "properties": {"name": "Persil 4", "area_m2": 1700, "created": "2026-01-02", "persil_id": 4}}', 20.00, 85.00, '2025-11-06 08:04:59', '2026-01-02 08:04:59'),
	(56, 8, '{"type": "Feature", "geometry": {"type": "Polygon", "coordinates": [[[107.6594, -6.8138000000000005], [107.705, -6.8505], [107.6517, -6.8898], [107.6124, -6.8185], [107.6208, -6.8788]]]}, "properties": {"name": "Persil 8", "area_m2": 527, "created": "2026-01-02", "persil_id": 8}}', 31.00, 17.00, '2025-03-14 08:04:59', '2026-01-02 08:04:59'),
	(57, 7, '{"type": "Feature", "geometry": {"type": "Polygon", "coordinates": [[[107.6539, -6.8291], [107.6293, -6.8421], [107.6326, -6.8580000000000005], [107.61, -6.8877], [107.622, -6.821000000000001]]]}, "properties": {"name": "Persil 7", "area_m2": 9856, "created": "2026-01-02", "persil_id": 7}}', 77.00, 128.00, '2025-11-19 08:04:59', '2026-01-02 08:04:59'),
	(58, 14, '{"type": "Feature", "geometry": {"type": "Polygon", "coordinates": [[[107.6979, -6.8249], [107.6852, -6.8228], [107.6943, -6.8987], [107.6947, -6.8133], [107.6798, -6.8021]]]}, "properties": {"name": "Persil 14", "area_m2": 18486, "created": "2026-01-02", "persil_id": 14}}', 158.00, 117.00, '2025-12-10 08:04:59', '2026-01-02 08:04:59'),
	(59, 17, '{"type": "Feature", "geometry": {"type": "Polygon", "coordinates": [[[107.6156, -6.8615], [107.6516, -6.803], [107.6349, -6.8352], [107.6612, -6.8284], [107.686, -6.8529]]]}, "properties": {"name": "Persil 17", "area_m2": 12096, "created": "2026-01-02", "persil_id": 17}}', 144.00, 84.00, '2025-12-31 08:04:59', '2026-01-02 08:04:59'),
	(60, 4, '{"type": "Feature", "geometry": {"type": "Polygon", "coordinates": [[[107.603, -6.8127], [107.6696, -6.8665], [107.6694, -6.8149], [107.693, -6.8128], [107.6589, -6.8844]]]}, "properties": {"name": "Persil 4", "area_m2": 12960, "created": "2026-01-02", "persil_id": 4}}', 162.00, 80.00, '2025-03-28 08:04:59', '2026-01-02 08:04:59'),
	(61, 16, '{"type": "Feature", "geometry": {"type": "Polygon", "coordinates": [[[107.6261, -6.8166], [107.62, -6.8645000000000005], [107.6777, -6.867900000000001], [107.6607, -6.8432], [107.6065, -6.872800000000001]]]}, "properties": {"name": "Persil 16", "area_m2": 3234, "created": "2026-01-02", "persil_id": 16}}', 77.00, 42.00, '2025-08-15 08:04:59', '2026-01-02 08:04:59'),
	(62, 11, '{"type": "Feature", "geometry": {"type": "Polygon", "coordinates": [[[107.6391, -6.862], [107.6352, -6.820600000000001], [107.6976, -6.832], [107.6411, -6.8718], [107.6031, -6.812200000000001]]]}, "properties": {"name": "Persil 11", "area_m2": 5824, "created": "2026-01-02", "persil_id": 11}}', 112.00, 52.00, '2025-10-29 08:04:59', '2026-01-02 08:04:59'),
	(63, 7, '{"type": "Feature", "geometry": {"type": "Polygon", "coordinates": [[[107.6569, -6.834700000000001], [107.6537, -6.8561000000000005], [107.6416, -6.9087000000000005], [107.6655, -6.8963], [107.6115, -6.814100000000001]]]}, "properties": {"name": "Persil 7", "area_m2": 5688, "created": "2026-01-02", "persil_id": 7}}', 72.00, 79.00, '2025-09-19 08:04:59', '2026-01-02 08:04:59'),
	(64, 18, '{"type": "Feature", "geometry": {"type": "Polygon", "coordinates": [[[107.6293, -6.8875], [107.6189, -6.860200000000001], [107.6893, -6.8106], [107.6711, -6.8412], [107.6616, -6.8011]]]}, "properties": {"name": "Persil 18", "area_m2": 429, "created": "2026-01-02", "persil_id": 18}}', 11.00, 39.00, '2025-12-18 08:04:59', '2026-01-02 08:04:59'),
	(65, 17, '{"type": "Feature", "geometry": {"type": "Polygon", "coordinates": [[[107.6643, -6.879], [107.6669, -6.873900000000001], [107.6719, -6.8651], [107.6531, -6.8975], [107.6258, -6.8256000000000006]]]}, "properties": {"name": "Persil 17", "area_m2": 16048, "created": "2026-01-02", "persil_id": 17}}', 136.00, 118.00, '2025-11-04 08:04:59', '2026-01-02 08:04:59'),
	(66, 16, '{"type": "Feature", "geometry": {"type": "Polygon", "coordinates": [[[107.6222, -6.8531], [107.6292, -6.8033], [107.6825, -6.883], [107.6592, -6.836], [107.6843, -6.8857]]]}, "properties": {"name": "Persil 16", "area_m2": 25476, "created": "2026-01-02", "persil_id": 16}}', 193.00, 132.00, '2025-08-22 08:04:59', '2026-01-02 08:04:59'),
	(67, 3, '{"type": "Feature", "geometry": {"type": "Polygon", "coordinates": [[[107.6513, -6.8425], [107.6266, -6.842700000000001], [107.6141, -6.87], [107.6212, -6.8362], [107.636, -6.896800000000001]]]}, "properties": {"name": "Persil 3", "area_m2": 13530, "created": "2026-01-02", "persil_id": 3}}', 110.00, 123.00, '2025-09-25 08:04:59', '2026-01-02 08:04:59'),
	(68, 11, '{"type": "Feature", "geometry": {"type": "Polygon", "coordinates": [[[107.6763, -6.8935], [107.6185, -6.8352], [107.6747, -6.8562], [107.6578, -6.9081], [107.6406, -6.8291]]]}, "properties": {"name": "Persil 11", "area_m2": 12642, "created": "2026-01-02", "persil_id": 11}}', 147.00, 86.00, '2025-04-20 08:04:59', '2026-01-02 08:04:59'),
	(69, 19, '{"type": "Feature", "geometry": {"type": "Polygon", "coordinates": [[[107.637, -6.8299], [107.7057, -6.899900000000001], [107.648, -6.8422], [107.6652, -6.8187], [107.6355, -6.8108]]]}, "properties": {"name": "Persil 19", "area_m2": 11716, "created": "2026-01-02", "persil_id": 19}}', 101.00, 116.00, '2025-01-24 08:04:59', '2026-01-02 08:04:59'),
	(70, 11, '{"type": "Feature", "geometry": {"type": "Polygon", "coordinates": [[[107.6122, -6.8212], [107.6748, -6.8632], [107.7053, -6.8867], [107.6935, -6.8276], [107.6975, -6.8384]]]}, "properties": {"name": "Persil 11", "area_m2": 6968, "created": "2026-01-02", "persil_id": 11}}', 104.00, 67.00, '2025-11-14 08:04:59', '2026-01-02 08:04:59'),
	(71, 17, '{"type": "Feature", "geometry": {"type": "Polygon", "coordinates": [[[107.6709, -6.8234], [107.6104, -6.8218000000000005], [107.7068, -6.8599000000000006], [107.6335, -6.8912], [107.6984, -6.8749]]]}, "properties": {"name": "Persil 17", "area_m2": 8321, "created": "2026-01-02", "persil_id": 17}}', 157.00, 53.00, '2025-03-28 08:04:59', '2026-01-02 08:04:59'),
	(72, 2, '{"type": "Feature", "geometry": {"type": "Polygon", "coordinates": [[[107.6341, -6.8319], [107.6667, -6.8268], [107.6291, -6.8564], [107.6443, -6.817], [107.6948, -6.873]]]}, "properties": {"name": "Persil 2", "area_m2": 1248, "created": "2026-01-02", "persil_id": 2}}', 24.00, 52.00, '2025-03-30 08:04:59', '2026-01-02 08:04:59'),
	(73, 4, '{"type": "Feature", "geometry": {"type": "Polygon", "coordinates": [[[107.6369, -6.885800000000001], [107.6217, -6.8123000000000005], [107.6655, -6.8789], [107.6581, -6.8183], [107.6421, -6.8959]]]}, "properties": {"name": "Persil 4", "area_m2": 16440, "created": "2026-01-02", "persil_id": 4}}', 120.00, 137.00, '2025-08-17 08:04:59', '2026-01-02 08:04:59'),
	(74, 9, '{"type": "Feature", "geometry": {"type": "Polygon", "coordinates": [[[107.6459, -6.8796], [107.6964, -6.801200000000001], [107.638, -6.9025], [107.6993, -6.8104000000000005], [107.6197, -6.8584000000000005]]]}, "properties": {"name": "Persil 9", "area_m2": 5130, "created": "2026-01-02", "persil_id": 9}}', 114.00, 45.00, '2025-03-31 08:04:59', '2026-01-02 08:04:59'),
	(75, 17, '{"type": "Feature", "geometry": {"type": "Polygon", "coordinates": [[[107.6402, -6.837700000000001], [107.6129, -6.856400000000001], [107.6237, -6.8563], [107.6148, -6.8702000000000005], [107.6377, -6.8870000000000005]]]}, "properties": {"name": "Persil 17", "area_m2": 12450, "created": "2026-01-02", "persil_id": 17}}', 150.00, 83.00, '2025-03-30 08:04:59', '2026-01-02 08:04:59'),
	(76, 20, '{"type": "Feature", "geometry": {"type": "Polygon", "coordinates": [[[107.6375, -6.8923000000000005], [107.6788, -6.8523000000000005], [107.6645, -6.8291], [107.672, -6.8938], [107.6762, -6.8834]]]}, "properties": {"name": "Persil 20", "area_m2": 6205, "created": "2026-01-02", "persil_id": 20}}', 73.00, 85.00, '2025-07-21 08:04:59', '2026-01-02 08:04:59'),
	(77, 7, '{"type": "Feature", "geometry": {"type": "Polygon", "coordinates": [[[107.6098, -6.8413], [107.6599, -6.849], [107.6223, -6.8625], [107.6318, -6.8136], [107.6363, -6.8327]]]}, "properties": {"name": "Persil 7", "area_m2": 1482, "created": "2026-01-02", "persil_id": 7}}', 19.00, 78.00, '2025-07-31 08:04:59', '2026-01-02 08:04:59'),
	(78, 16, '{"type": "Feature", "geometry": {"type": "Polygon", "coordinates": [[[107.6471, -6.8801000000000005], [107.6725, -6.845700000000001], [107.6912, -6.8894], [107.6185, -6.8128], [107.621, -6.806500000000001]]]}, "properties": {"name": "Persil 16", "area_m2": 1350, "created": "2026-01-02", "persil_id": 16}}', 54.00, 25.00, '2025-08-18 08:04:59', '2026-01-02 08:04:59'),
	(79, 3, '{"type": "Feature", "geometry": {"type": "Polygon", "coordinates": [[[107.6957, -6.8371], [107.7092, -6.8491], [107.6844, -6.827500000000001], [107.6172, -6.823], [107.6911, -6.881900000000001]]]}, "properties": {"name": "Persil 3", "area_m2": 6380, "created": "2026-01-02", "persil_id": 3}}', 116.00, 55.00, '2025-05-16 08:04:59', '2026-01-02 08:04:59'),
	(80, 7, '{"type": "Feature", "geometry": {"type": "Polygon", "coordinates": [[[107.647, -6.8973], [107.6705, -6.8948], [107.6496, -6.9028], [107.6469, -6.8554], [107.6731, -6.885400000000001]]]}, "properties": {"name": "Persil 7", "area_m2": 2484, "created": "2026-01-02", "persil_id": 7}}', 69.00, 36.00, '2025-03-24 08:04:59', '2026-01-02 08:04:59'),
	(81, 19, '{"type": "Feature", "geometry": {"type": "Polygon", "coordinates": [[[107.6244, -6.819800000000001], [107.6764, -6.8356], [107.6669, -6.9043], [107.6075, -6.8808], [107.6987, -6.8289]]]}, "properties": {"name": "Persil 19", "area_m2": 4980, "created": "2026-01-02", "persil_id": 19}}', 83.00, 60.00, '2025-05-11 08:04:59', '2026-01-02 08:04:59'),
	(82, 18, '{"type": "Feature", "geometry": {"type": "Polygon", "coordinates": [[[107.6081, -6.8608], [107.6579, -6.8025], [107.6296, -6.8468], [107.6256, -6.9044], [107.6485, -6.8958]]]}, "properties": {"name": "Persil 18", "area_m2": 3198, "created": "2026-01-02", "persil_id": 18}}', 123.00, 26.00, '2025-02-27 08:04:59', '2026-01-02 08:04:59'),
	(83, 17, '{"type": "Feature", "geometry": {"type": "Polygon", "coordinates": [[[107.648, -6.830100000000001], [107.7057, -6.8608], [107.6675, -6.8748000000000005], [107.6574, -6.886], [107.6611, -6.834300000000001]]]}, "properties": {"name": "Persil 17", "area_m2": 15224, "created": "2026-01-02", "persil_id": 17}}', 173.00, 88.00, '2025-02-13 08:04:59', '2026-01-02 08:04:59'),
	(84, 13, '{"type": "Feature", "geometry": {"type": "Polygon", "coordinates": [[[107.6014, -6.8352], [107.696, -6.8269], [107.6754, -6.8194], [107.6111, -6.8871], [107.6912, -6.8422]]]}, "properties": {"name": "Persil 13", "area_m2": 1350, "created": "2026-01-02", "persil_id": 13}}', 54.00, 25.00, '2025-03-20 08:04:59', '2026-01-02 08:04:59'),
	(85, 16, '{"type": "Feature", "geometry": {"type": "Polygon", "coordinates": [[[107.6191, -6.833500000000001], [107.6702, -6.805000000000001], [107.6287, -6.8339], [107.636, -6.869], [107.6844, -6.843]]]}, "properties": {"name": "Persil 16", "area_m2": 8544, "created": "2026-01-02", "persil_id": 16}}', 178.00, 48.00, '2025-09-26 08:04:59', '2026-01-02 08:04:59'),
	(86, 7, '{"type": "Feature", "geometry": {"type": "Polygon", "coordinates": [[[107.6191, -6.8881000000000006], [107.6965, -6.849200000000001], [107.692, -6.908], [107.6336, -6.8755], [107.6481, -6.8285]]]}, "properties": {"name": "Persil 7", "area_m2": 4794, "created": "2026-01-02", "persil_id": 7}}', 94.00, 51.00, '2025-07-07 08:04:59', '2026-01-02 08:04:59'),
	(87, 12, '{"type": "Feature", "geometry": {"type": "Polygon", "coordinates": [[[107.6814, -6.8086], [107.6734, -6.8754], [107.6299, -6.8316], [107.6495, -6.8495], [107.6917, -6.841900000000001]]]}, "properties": {"name": "Persil 12", "area_m2": 23318, "created": "2026-01-02", "persil_id": 12}}', 178.00, 131.00, '2025-11-26 08:04:59', '2026-01-02 08:04:59'),
	(88, 18, '{"type": "Feature", "geometry": {"type": "Polygon", "coordinates": [[[107.6239, -6.858700000000001], [107.6786, -6.8725000000000005], [107.6887, -6.8612], [107.619, -6.8846], [107.678, -6.855700000000001]]]}, "properties": {"name": "Persil 18", "area_m2": 1440, "created": "2026-01-02", "persil_id": 18}}', 16.00, 90.00, '2025-01-16 08:04:59', '2026-01-02 08:04:59'),
	(89, 12, '{"type": "Feature", "geometry": {"type": "Polygon", "coordinates": [[[107.6341, -6.893800000000001], [107.6809, -6.854], [107.6218, -6.8606], [107.6383, -6.9013], [107.6645, -6.802700000000001]]]}, "properties": {"name": "Persil 12", "area_m2": 6958, "created": "2026-01-02", "persil_id": 12}}', 142.00, 49.00, '2025-07-06 08:04:59', '2026-01-02 08:04:59'),
	(90, 12, '{"type": "Feature", "geometry": {"type": "Polygon", "coordinates": [[[107.649, -6.8512], [107.6442, -6.806900000000001], [107.7059, -6.8168], [107.6736, -6.8504000000000005], [107.6213, -6.8508]]]}, "properties": {"name": "Persil 12", "area_m2": 10395, "created": "2026-01-02", "persil_id": 12}}', 189.00, 55.00, '2025-02-11 08:04:59', '2026-01-02 08:04:59'),
	(91, 11, '{"type": "Feature", "geometry": {"type": "Polygon", "coordinates": [[[107.685, -6.8253], [107.6896, -6.803800000000001], [107.6843, -6.835], [107.6951, -6.8244], [107.6669, -6.8978]]]}, "properties": {"name": "Persil 11", "area_m2": 7011, "created": "2026-01-02", "persil_id": 11}}', 57.00, 123.00, '2025-02-28 08:04:59', '2026-01-02 08:04:59'),
	(92, 9, '{"type": "Feature", "geometry": {"type": "Polygon", "coordinates": [[[107.634, -6.8605], [107.685, -6.8638], [107.6651, -6.8696], [107.6443, -6.8497], [107.6694, -6.8807]]]}, "properties": {"name": "Persil 9", "area_m2": 1587, "created": "2026-01-02", "persil_id": 9}}', 69.00, 23.00, '2025-04-03 08:04:59', '2026-01-02 08:04:59'),
	(93, 2, '{"type": "Feature", "geometry": {"type": "Polygon", "coordinates": [[[107.6478, -6.841200000000001], [107.6669, -6.8455], [107.6806, -6.908], [107.6933, -6.9038], [107.6638, -6.857200000000001]]]}, "properties": {"name": "Persil 2", "area_m2": 8515, "created": "2026-01-02", "persil_id": 2}}', 65.00, 131.00, '2025-06-04 08:04:59', '2026-01-02 08:04:59'),
	(94, 13, '{"type": "Feature", "geometry": {"type": "Polygon", "coordinates": [[[107.698, -6.8718], [107.6918, -6.8475], [107.6278, -6.896100000000001], [107.6034, -6.8821], [107.6409, -6.8405000000000005]]]}, "properties": {"name": "Persil 13", "area_m2": 7930, "created": "2026-01-02", "persil_id": 13}}', 122.00, 65.00, '2025-10-19 08:04:59', '2026-01-02 08:04:59'),
	(95, 10, '{"type": "Feature", "geometry": {"type": "Polygon", "coordinates": [[[107.6069, -6.8108], [107.6807, -6.827500000000001], [107.6254, -6.8476], [107.6685, -6.9068000000000005], [107.6336, -6.8813]]]}, "properties": {"name": "Persil 10", "area_m2": 972, "created": "2026-01-02", "persil_id": 10}}', 81.00, 12.00, '2025-05-27 08:04:59', '2026-01-02 08:04:59'),
	(96, 13, '{"type": "Feature", "geometry": {"type": "Polygon", "coordinates": [[[107.617, -6.811], [107.6862, -6.8569], [107.6425, -6.841600000000001], [107.6926, -6.8988000000000005], [107.6955, -6.8619]]]}, "properties": {"name": "Persil 13", "area_m2": 2800, "created": "2026-01-02", "persil_id": 13}}', 200.00, 14.00, '2025-02-12 08:04:59', '2026-01-02 08:04:59'),
	(97, 18, '{"type": "Feature", "geometry": {"type": "Polygon", "coordinates": [[[107.6602, -6.8868], [107.6664, -6.8989], [107.6305, -6.8426], [107.6466, -6.837400000000001], [107.6729, -6.8855]]]}, "properties": {"name": "Persil 18", "area_m2": 5600, "created": "2026-01-02", "persil_id": 18}}', 50.00, 112.00, '2025-03-15 08:04:59', '2026-01-02 08:04:59'),
	(98, 7, '{"type": "Feature", "geometry": {"type": "Polygon", "coordinates": [[[107.6313, -6.851500000000001], [107.6353, -6.8891], [107.6689, -6.8564], [107.6505, -6.8855], [107.6048, -6.8501]]]}, "properties": {"name": "Persil 7", "area_m2": 11484, "created": "2026-01-02", "persil_id": 7}}', 116.00, 99.00, '2025-09-27 08:04:59', '2026-01-02 08:04:59'),
	(99, 8, '{"type": "Feature", "geometry": {"type": "Polygon", "coordinates": [[[107.6965, -6.890700000000001], [107.6378, -6.8733], [107.6256, -6.8991], [107.6768, -6.8784], [107.6781, -6.891500000000001]]]}, "properties": {"name": "Persil 8", "area_m2": 12878, "created": "2026-01-02", "persil_id": 8}}', 137.00, 94.00, '2025-06-28 08:04:59', '2026-01-02 08:04:59'),
	(100, 11, '{"type": "Feature", "geometry": {"type": "Polygon", "coordinates": [[[107.6241, -6.8735], [107.6922, -6.8388], [107.6962, -6.8173], [107.6691, -6.8289], [107.6416, -6.889200000000001]]]}, "properties": {"name": "Persil 11", "area_m2": 21209, "created": "2026-01-02", "persil_id": 11}}', 167.00, 127.00, '2025-05-23 08:04:59', '2026-01-02 08:04:59'),
	(101, 21, NULL, NULL, NULL, '2026-01-04 03:09:15', '2026-01-04 03:09:15');

-- Dumping structure for table persil-admin.sengketa_persil
CREATE TABLE IF NOT EXISTS `sengketa_persil` (
  `sengketa_id` bigint unsigned NOT NULL AUTO_INCREMENT,
  `persil_id` bigint unsigned NOT NULL,
  `pihak_1` varchar(255) COLLATE utf8mb4_unicode_ci NOT NULL,
  `pihak_2` varchar(255) COLLATE utf8mb4_unicode_ci NOT NULL,
  `kronologi` text COLLATE utf8mb4_unicode_ci,
  `status` enum('pending','proses','selesai') COLLATE utf8mb4_unicode_ci NOT NULL DEFAULT 'pending',
  `penyelesaian` text COLLATE utf8mb4_unicode_ci,
  `created_at` timestamp NULL DEFAULT NULL,
  `updated_at` timestamp NULL DEFAULT NULL,
  PRIMARY KEY (`sengketa_id`),
  KEY `sengketa_persil_persil_id_foreign` (`persil_id`),
  CONSTRAINT `sengketa_persil_persil_id_foreign` FOREIGN KEY (`persil_id`) REFERENCES `persil` (`persil_id`) ON DELETE CASCADE
) ENGINE=InnoDB AUTO_INCREMENT=62 DEFAULT CHARSET=utf8mb4 COLLATE=utf8mb4_unicode_ci;

-- Dumping data for table persil-admin.sengketa_persil: ~61 rows (approximately)
INSERT INTO `sengketa_persil` (`sengketa_id`, `persil_id`, `pihak_1`, `pihak_2`, `kronologi`, `status`, `penyelesaian`, `created_at`, `updated_at`) VALUES
	(1, 1, 'Bunga Nugroho', 'Hadi Kusuma', 'Konflik penggunaan tanah. Satu pihak menggunakannya untuk pertanian, pihak lain untuk peternakan.', 'proses', NULL, '2024-04-01 08:04:59', '2026-01-02 08:04:59'),
	(2, 18, 'Kartika Gunawan', 'Indra Kusuma', 'Sengketa warisan tidak tertulis. Tidak ada surat wasiat yang jelas.', 'selesai', 'Kedua pihak sepakat untuk berdamai dengan pembagian tanah.', '2024-09-01 08:04:59', '2026-01-02 08:04:59'),
	(3, 1, 'Joko Purnomo', 'Joko Kusuma', 'Sengketa sewa menyewa tanah. Terjadi perselisihan tentang jangka waktu dan biaya sewa.', 'pending', NULL, '2025-07-23 08:04:59', '2026-01-02 08:04:59'),
	(4, 3, 'Tono Wijaya', 'Nur Ramadan', 'Sengketa batas tanah antara kedua pihak. Kedua pihak mengklaim bagian tanah yang sama.', 'pending', NULL, '2024-04-25 08:04:59', '2026-01-02 08:04:59'),
	(5, 16, 'Hadi Wibowo', 'Muhammad Gunawan', 'Perselisihan dengan tetangga tentang batas pagar.', 'pending', NULL, '2025-01-29 08:04:59', '2026-01-02 08:04:59'),
	(6, 16, 'Soleh Hadi', 'Kartika Gunawan', 'Perselisihan hak akses jalan. Satu pihak menutup akses jalan menuju tanah pihak lain.', 'selesai', 'Diselesaikan dengan pemetaan ulang batas tanah oleh surveyor.', '2024-11-09 08:04:59', '2026-01-02 08:04:59'),
	(7, 8, 'Joko Purnomo', 'Bunga Rahman', 'Perselisihan hak akses jalan. Satu pihak menutup akses jalan menuju tanah pihak lain.', 'pending', NULL, '2025-07-17 08:04:59', '2026-01-02 08:04:59'),
	(8, 16, 'Tika Hakim', 'Hadi Kusuma', 'Sengketa batas tanah antara kedua pihak. Kedua pihak mengklaim bagian tanah yang sama.', 'selesai', 'Diselesaikan melalui RT/RW setempat.', '2025-05-23 08:04:59', '2026-01-02 08:04:59'),
	(9, 7, 'Indra Kusuma', 'Hadi Kusuma', 'Perselisihan hak akses jalan. Satu pihak menutup akses jalan menuju tanah pihak lain.', 'proses', NULL, '2025-10-05 08:04:59', '2026-01-02 08:04:59'),
	(10, 17, 'Yudi Wibowo', 'Ahmad Wibowo', 'Konflik hak guna bangunan. Kedua pihak mengaku memiliki hak untuk membangun di atas tanah.', 'pending', NULL, '2025-02-24 08:04:59', '2026-01-02 08:04:59'),
	(11, 3, 'Cinta Kurniawan', 'Yuni Halim', 'Konflik penggunaan tanah. Satu pihak menggunakannya untuk pertanian, pihak lain untuk peternakan.', 'proses', NULL, '2025-08-02 08:04:59', '2026-01-02 08:04:59'),
	(12, 12, 'Kusuma Pratama', 'Hadi Kusuma', 'Sengketa batas tanah antara kedua pihak. Kedua pihak mengklaim bagian tanah yang sama.', 'proses', NULL, '2025-04-12 08:04:59', '2026-01-02 08:04:59'),
	(13, 12, 'Gita Purnomo', 'Kusuma Hadi', 'Perselisihan hak milik tanah warisan. Masing-masing pihak mengaku sebagai ahli waris yang sah.', 'pending', NULL, '2024-03-09 08:04:59', '2026-01-02 08:04:59'),
	(14, 4, 'Nur Hadi', 'Cinta Hadi', 'Perselisihan dengan tetangga tentang batas pagar.', 'proses', NULL, '2025-02-07 08:04:59', '2026-01-02 08:04:59'),
	(15, 6, 'Tono Pratama', 'Gita Nugroho', 'Perselisihan hak akses jalan. Satu pihak menutup akses jalan menuju tanah pihak lain.', 'proses', NULL, '2024-09-26 08:04:59', '2026-01-02 08:04:59'),
	(16, 18, 'Fajar Maulana', 'Ani Hidayat', 'Perselisihan hak milik tanah warisan. Masing-masing pihak mengaku sebagai ahli waris yang sah.', 'proses', NULL, '2025-10-08 08:04:59', '2026-01-02 08:04:59'),
	(17, 4, 'Wati Siregar', 'Eko Wibowo', 'Perselisihan hak milik tanah warisan. Masing-masing pihak mengaku sebagai ahli waris yang sah.', 'proses', NULL, '2024-07-15 08:04:59', '2026-01-02 08:04:59'),
	(18, 1, 'Kusuma Hadi', 'Budi Saputra', 'Sengketa batas tanah antara kedua pihak. Kedua pihak mengklaim bagian tanah yang sama.', 'selesai', 'Diselesaikan melalui musyawarah desa dengan kesepakatan bersama.', '2025-07-30 08:04:59', '2026-01-02 08:04:59'),
	(19, 15, 'Soleh Firmansyah', 'Joko Purnomo', 'Sengketa batas tanah antara kedua pihak. Kedua pihak mengklaim bagian tanah yang sama.', 'selesai', 'Diselesaikan dengan pemetaan ulang batas tanah oleh surveyor.', '2024-02-19 08:04:59', '2026-01-02 08:04:59'),
	(20, 15, 'Tono Kusuma', 'Zainal Ramadan', 'Sengketa ganti rugi pembebasan lahan. Tidak ada kesepakatan tentang nilai ganti rugi.', 'proses', NULL, '2025-11-12 08:04:59', '2026-01-02 08:04:59'),
	(21, 7, 'Yuni Halim', 'Eko Wibowo', 'Sengketa warisan tidak tertulis. Tidak ada surat wasiat yang jelas.', 'pending', NULL, '2025-06-05 08:04:59', '2026-01-02 08:04:59'),
	(22, 19, 'Nina Putra', 'Muhammad Ramadan', 'Sengketa sewa menyewa tanah. Terjadi perselisihan tentang jangka waktu dan biaya sewa.', 'pending', NULL, '2025-12-31 08:04:59', '2026-01-02 08:04:59'),
	(23, 4, 'Joko Wijaya', 'Fajar Nugroho', 'Klaim ganti rugi kerusakan tanaman. Tanaman rusak akibat aktivitas pihak lain.', 'pending', NULL, '2024-06-16 08:04:59', '2026-01-02 08:04:59'),
	(24, 17, 'Gita Purnomo', 'Dewi Hadi', 'Sengketa ganti rugi pembebasan lahan. Tidak ada kesepakatan tentang nilai ganti rugi.', 'proses', NULL, '2025-01-09 08:04:59', '2026-01-02 08:04:59'),
	(25, 19, 'Cinta Hidayat', 'Hadi Hidayat', 'Konflik penggunaan tanah. Satu pihak menggunakannya untuk pertanian, pihak lain untuk peternakan.', 'proses', NULL, '2025-06-23 08:04:59', '2026-01-02 08:04:59'),
	(26, 20, 'Diana Ramadan', 'Sari Kurniawan', 'Sengketa ganti rugi pembebasan lahan. Tidak ada kesepakatan tentang nilai ganti rugi.', 'pending', NULL, '2024-11-22 08:04:59', '2026-01-02 08:04:59'),
	(27, 9, 'Ani Nugroho', 'Nina Ramadan', 'Perselisihan hak milik tanah warisan. Masing-masing pihak mengaku sebagai ahli waris yang sah.', 'proses', NULL, '2024-04-01 08:04:59', '2026-01-02 08:04:59'),
	(28, 3, 'Hadi Kusuma', 'Fajar Ramadan', 'Sengketa batas tanah antara kedua pihak. Kedua pihak mengklaim bagian tanah yang sama.', 'proses', NULL, '2025-09-15 08:04:59', '2026-01-02 08:04:59'),
	(29, 10, 'Tono Wijaya', 'Rudi Hadi', 'Perselisihan hak akses jalan. Satu pihak menutup akses jalan menuju tanah pihak lain.', 'selesai', 'Diselesaikan dengan ganti rugi yang disepakati bersama.', '2024-01-25 08:04:59', '2026-01-02 08:04:59'),
	(30, 13, 'Diana Halim', 'Cinta Kurniawan', 'Sengketa batas tanah antara kedua pihak. Kedua pihak mengklaim bagian tanah yang sama.', 'proses', NULL, '2024-04-10 08:04:59', '2026-01-02 08:04:59'),
	(31, 13, 'Diana Rahman', 'Bunga Pratama', 'Sengketa batas tanah antara kedua pihak. Kedua pihak mengklaim bagian tanah yang sama.', 'selesai', 'Dibawa ke Badan Penyelesaian Sengketa Pertanahan.', '2024-10-07 08:04:59', '2026-01-02 08:04:59'),
	(32, 1, 'Cinta Hidayat', 'Sari Kurniawan', 'Sengketa sewa menyewa tanah. Terjadi perselisihan tentang jangka waktu dan biaya sewa.', 'selesai', 'Kedua pihak sepakat untuk berdamai dengan pembagian tanah.', '2025-08-30 08:04:59', '2026-01-02 08:04:59'),
	(33, 12, 'Indra Kusuma', 'Kartika Gunawan', 'Klaim ganti rugi kerusakan tanaman. Tanaman rusak akibat aktivitas pihak lain.', 'proses', NULL, '2025-06-08 08:04:59', '2026-01-02 08:04:59'),
	(34, 16, 'Diana Rahman', 'Diana Halim', 'Konflik hak guna bangunan. Kedua pihak mengaku memiliki hak untuk membangun di atas tanah.', 'selesai', 'Diselesaikan dengan ganti rugi yang disepakati bersama.', '2025-02-09 08:04:59', '2026-01-02 08:04:59'),
	(35, 8, 'Tika Hakim', 'Tono Kusuma', 'Konflik penggunaan tanah. Satu pihak menggunakannya untuk pertanian, pihak lain untuk peternakan.', 'proses', NULL, '2025-10-27 08:04:59', '2026-01-02 08:04:59'),
	(36, 14, 'Ani Hidayat', 'Sari Rahman', 'Sengketa sewa menyewa tanah. Terjadi perselisihan tentang jangka waktu dan biaya sewa.', 'selesai', 'Kedua pihak sepakat untuk menyewakan tanah dan membagi hasil sewa.', '2024-01-09 08:04:59', '2026-01-02 08:04:59'),
	(37, 12, 'Tika Hakim', 'Budi Nugroho', 'Perselisihan hak milik tanah warisan. Masing-masing pihak mengaku sebagai ahli waris yang sah.', 'pending', NULL, '2025-09-29 08:04:59', '2026-01-02 08:04:59'),
	(38, 20, 'Joko Kusuma', 'Ani Nugroho', 'Sengketa batas tanah antara kedua pihak. Kedua pihak mengklaim bagian tanah yang sama.', 'pending', NULL, '2025-09-20 08:04:59', '2026-01-02 08:04:59'),
	(39, 10, 'Indah Wijaya', 'Rudi Santoso', 'Perselisihan dengan tetangga tentang batas pagar.', 'proses', NULL, '2024-11-09 08:04:59', '2026-01-02 08:04:59'),
	(40, 2, 'Diana Kusuma', 'Bunga Nugroho', 'Sengketa sewa menyewa tanah. Terjadi perselisihan tentang jangka waktu dan biaya sewa.', 'pending', NULL, '2024-07-26 08:04:59', '2026-01-02 08:04:59'),
	(41, 10, 'Fajar Ramadan', 'Kartika Santoso', 'Perselisihan dengan tetangga tentang batas pagar.', 'selesai', 'Diselesaikan melalui RT/RW setempat.', '2025-11-21 08:04:59', '2026-01-02 08:04:59'),
	(42, 2, 'Kartika Gunawan', 'Kusuma Pratama', 'Sengketa ganti rugi pembebasan lahan. Tidak ada kesepakatan tentang nilai ganti rugi.', 'selesai', 'Dibawa ke Badan Penyelesaian Sengketa Pertanahan.', '2024-02-28 08:04:59', '2026-01-02 08:04:59'),
	(43, 11, 'Cinta Kurniawan', 'Cinta Hidayat', 'Klaim ganti rugi kerusakan tanaman. Tanaman rusak akibat aktivitas pihak lain.', 'proses', NULL, '2024-05-28 08:04:59', '2026-01-02 08:04:59'),
	(44, 16, 'Bunga Putra', 'Tika Gunawan', 'Konflik hak guna bangunan. Kedua pihak mengaku memiliki hak untuk membangun di atas tanah.', 'selesai', 'Kedua pihak sepakat untuk menyewakan tanah dan membagi hasil sewa.', '2024-06-29 08:04:59', '2026-01-02 08:04:59'),
	(45, 10, 'Ani Nugroho', 'Ani Hidayat', 'Perselisihan hak akses jalan. Satu pihak menutup akses jalan menuju tanah pihak lain.', 'selesai', 'Diselesaikan dengan pemetaan ulang batas tanah oleh surveyor.', '2025-12-22 08:04:59', '2026-01-02 08:04:59'),
	(46, 6, 'Cinta Hadi', 'Budi Saputra', 'Klaim ganti rugi kerusakan tanaman. Tanaman rusak akibat aktivitas pihak lain.', 'selesai', 'Kedua pihak sepakat untuk menyewakan tanah dan membagi hasil sewa.', '2024-04-03 08:04:59', '2026-01-02 08:04:59'),
	(47, 16, 'Kusuma Pratama', 'Indra Kusuma', 'Perselisihan hak milik tanah warisan. Masing-masing pihak mengaku sebagai ahli waris yang sah.', 'selesai', 'Dibawa ke Badan Penyelesaian Sengketa Pertanahan.', '2024-05-19 08:04:59', '2026-01-02 08:04:59'),
	(48, 5, 'Lina Hakim', 'Joko Kusuma', 'Sengketa batas tanah antara kedua pihak. Kedua pihak mengklaim bagian tanah yang sama.', 'proses', NULL, '2025-05-03 08:04:59', '2026-01-02 08:04:59'),
	(49, 16, 'Bunga Pratama', 'Gita Nugroho', 'Sengketa warisan tidak tertulis. Tidak ada surat wasiat yang jelas.', 'proses', NULL, '2025-06-17 08:04:59', '2026-01-02 08:04:59'),
	(50, 8, 'Fajar Maulana', 'Tono Nugroho', 'Konflik penggunaan tanah. Satu pihak menggunakannya untuk pertanian, pihak lain untuk peternakan.', 'proses', NULL, '2025-12-30 08:04:59', '2026-01-02 08:04:59'),
	(51, 20, 'Ani Hidayat', 'Tono Wijaya', 'Perselisihan dengan tetangga tentang batas pagar.', 'selesai', 'Dibawa ke Badan Penyelesaian Sengketa Pertanahan.', '2025-01-14 08:04:59', '2026-01-02 08:04:59'),
	(52, 7, 'Muhammad Ramadan', 'Bunga Putra', 'Konflik penggunaan tanah. Satu pihak menggunakannya untuk pertanian, pihak lain untuk peternakan.', 'pending', NULL, '2024-11-13 08:04:59', '2026-01-02 08:04:59'),
	(53, 18, 'Tono Ramadan', 'Budi Nugroho', 'Klaim ganti rugi kerusakan tanaman. Tanaman rusak akibat aktivitas pihak lain.', 'proses', NULL, '2024-09-09 08:04:59', '2026-01-02 08:04:59'),
	(54, 18, 'Cinta Hadi', 'Muhammad Santoso', 'Konflik penggunaan tanah. Satu pihak menggunakannya untuk pertanian, pihak lain untuk peternakan.', 'selesai', 'Diselesaikan melalui RT/RW setempat.', '2025-09-28 08:04:59', '2026-01-02 08:04:59'),
	(55, 5, 'Eko Wibowo', 'Gita Firmansyah', 'Perselisihan dengan tetangga tentang batas pagar.', 'proses', NULL, '2024-03-06 08:04:59', '2026-01-02 08:04:59'),
	(56, 12, 'Budi Nugroho', 'Dewi Hadi', 'Sengketa ganti rugi pembebasan lahan. Tidak ada kesepakatan tentang nilai ganti rugi.', 'proses', NULL, '2024-04-18 08:04:59', '2026-01-02 08:04:59'),
	(57, 19, 'Wati Siregar', 'Bunga Ramadan', 'Perselisihan hak akses jalan. Satu pihak menutup akses jalan menuju tanah pihak lain.', 'pending', NULL, '2025-11-17 08:04:59', '2026-01-02 08:04:59'),
	(58, 4, 'Gita Nugroho', 'Citra Kusuma', 'Perselisihan hak milik tanah warisan. Masing-masing pihak mengaku sebagai ahli waris yang sah.', 'pending', NULL, '2025-01-05 08:04:59', '2026-01-02 08:04:59'),
	(59, 6, 'Bunga Putra', 'Dewi Hadi', 'Sengketa warisan tidak tertulis. Tidak ada surat wasiat yang jelas.', 'selesai', 'Diselesaikan melalui musyawarah desa dengan kesepakatan bersama.', '2025-01-10 08:04:59', '2026-01-02 08:04:59'),
	(60, 10, 'Nina Ramadan', 'Rudi Hadi', 'Konflik penggunaan tanah. Satu pihak menggunakannya untuk pertanian, pihak lain untuk peternakan.', 'selesai', 'Diselesaikan dengan pemetaan ulang batas tanah oleh surveyor.', '2025-11-29 08:04:59', '2026-01-02 08:04:59'),
	(61, 21, 'bn mvjb', 'zhftghzt', 'stysrhsrtv', 'selesai', 'tsydrtsrtystr', '2026-01-04 05:55:38', '2026-01-04 05:56:36');

-- Dumping structure for table persil-admin.sessions
CREATE TABLE IF NOT EXISTS `sessions` (
  `id` varchar(255) COLLATE utf8mb4_unicode_ci NOT NULL,
  `user_id` bigint unsigned DEFAULT NULL,
  `ip_address` varchar(45) COLLATE utf8mb4_unicode_ci DEFAULT NULL,
  `user_agent` text COLLATE utf8mb4_unicode_ci,
  `payload` longtext COLLATE utf8mb4_unicode_ci NOT NULL,
  `last_activity` int NOT NULL,
  PRIMARY KEY (`id`),
  KEY `sessions_user_id_index` (`user_id`),
  KEY `sessions_last_activity_index` (`last_activity`)
) ENGINE=InnoDB DEFAULT CHARSET=utf8mb4 COLLATE=utf8mb4_unicode_ci;

-- Dumping data for table persil-admin.sessions: ~1 rows (approximately)
INSERT INTO `sessions` (`id`, `user_id`, `ip_address`, `user_agent`, `payload`, `last_activity`) VALUES
	('W8O2vfERCa3QZe9JaUxoNROh2flwHf7UEpqxGmQ4', 2, '127.0.0.1', 'Mozilla/5.0 (Windows NT 10.0; Win64; x64) AppleWebKit/537.36 (KHTML, like Gecko) Chrome/143.0.0.0 Safari/537.36 Edg/143.0.0.0', 'YTo0OntzOjY6Il90b2tlbiI7czo0MDoiaVdpS0FJeEttR2RXeGpIeHg1NmZPRkNpNjNyM3pDN0l3V2owV2luaCI7czo1MDoibG9naW5fd2ViXzU5YmEzNmFkZGMyYjJmOTQwMTU4MGYwMTRjN2Y1OGVhNGUzMDk4OWQiO2k6MjtzOjk6Il9wcmV2aW91cyI7YToyOntzOjM6InVybCI7czozNDoiaHR0cDovLzEyNy4wLjAuMTo4MDAwL3VzZXJzLzEvZWRpdCI7czo1OiJyb3V0ZSI7czoxMDoidXNlcnMuZWRpdCI7fXM6NjoiX2ZsYXNoIjthOjI6e3M6Mzoib2xkIjthOjA6e31zOjM6Im5ldyI7YTowOnt9fX0=', 1767531629);

-- Dumping structure for table persil-admin.users
CREATE TABLE IF NOT EXISTS `users` (
  `id` bigint unsigned NOT NULL AUTO_INCREMENT,
  `name` varchar(255) COLLATE utf8mb4_unicode_ci NOT NULL,
  `email` varchar(255) COLLATE utf8mb4_unicode_ci NOT NULL,
  `role` enum('super_admin','admin','user') COLLATE utf8mb4_unicode_ci NOT NULL DEFAULT 'user',
  `email_verified_at` timestamp NULL DEFAULT NULL,
  `password` varchar(255) COLLATE utf8mb4_unicode_ci NOT NULL,
  `remember_token` varchar(100) COLLATE utf8mb4_unicode_ci DEFAULT NULL,
  `created_at` timestamp NULL DEFAULT NULL,
  `updated_at` timestamp NULL DEFAULT NULL,
  PRIMARY KEY (`id`),
  UNIQUE KEY `users_email_unique` (`email`)
) ENGINE=InnoDB AUTO_INCREMENT=101 DEFAULT CHARSET=utf8mb4 COLLATE=utf8mb4_unicode_ci;

-- Dumping data for table persil-admin.users: ~100 rows (approximately)
INSERT INTO `users` (`id`, `name`, `email`, `role`, `email_verified_at`, `password`, `remember_token`, `created_at`, `updated_at`) VALUES
	(1, 'Admin', 'admin@persil.com', 'admin', NULL, '$2y$12$JSnEYDSWffMFRaROm/DwIeOwAjPGsUQMmaq3ccIwcsZynKg0LlKPS', NULL, '2026-01-02 08:04:30', '2026-01-02 08:04:30'),
	(2, 'Super Admin', 'superadmin@persil.com', 'super_admin', NULL, '$2y$12$tBQtetF5kMOrVMphaWxjcuNLP0VRgFKXwMoG4nEr4Cba/6Hl/6v3K', 'nqJLCOdxOs24e28TP6XUtNomocEFnhSLzVDjxhrUvRGt1Ofb25m6xWzuI9Tn', '2026-01-02 08:04:31', '2026-01-02 08:04:31'),
	(3, 'User Biasa', 'user@persil.com', 'user', NULL, '$2y$12$FMxTY.33rS6IAjCil.azGOag4rf/remEugjlPBI9wfxLN9MPz.A0O', NULL, '2026-01-02 08:04:31', '2026-01-02 08:04:31'),
	(4, 'User 4', 'user4@persil.com', 'user', NULL, '$2y$12$Dqg2haLAaqaZw3wY8zivqOLs0U3.XomVMkzx2wiaN.WKTxIQWXtLe', NULL, '2025-04-23 08:04:31', '2026-01-02 08:04:31'),
	(5, 'User 5', 'user5@persil.com', 'user', NULL, '$2y$12$hM8pz1uTfVM93Ii51gHkJeL1Z0b1pKPSyLAMFPpADJ9yHkeJ90aaG', NULL, '2025-05-28 08:04:31', '2026-01-02 08:04:31'),
	(6, 'User 6', 'user6@persil.com', 'user', NULL, '$2y$12$JDWRnCndALJZucFRAgxI1O.fdwRE7yERQVsYMRIFZRcoGoxAAxOUS', NULL, '2025-07-26 08:04:32', '2026-01-02 08:04:32'),
	(7, 'User 7', 'user7@persil.com', 'user', NULL, '$2y$12$u1ol24xKe6P/wYzZ6I2BcOocprvQ5Eks3rNUc0pZ/QOcN4Dfams4W', NULL, '2025-02-10 08:04:32', '2026-01-02 08:04:32'),
	(8, 'User 8', 'user8@persil.com', 'user', NULL, '$2y$12$DcMf/h8g/G8Qv9GRMfqNdOsl4GxTZPm0UEqdEirpeGt0qTofx4Leu', NULL, '2025-06-30 08:04:32', '2026-01-02 08:04:32'),
	(9, 'User 9', 'user9@persil.com', 'user', NULL, '$2y$12$Ot1tJBqAwG5FN/35ZBVyXO0xs8lOWI.GtteutraYP3cSC2lP7wyqy', NULL, '2025-07-10 08:04:33', '2026-01-02 08:04:33'),
	(10, 'User 10', 'user10@persil.com', 'user', NULL, '$2y$12$yE1jYZpcqeic/UHvElQOlupUhdxgKbQ3Xvai0ZGg8RfNNcy7hid7C', NULL, '2025-01-09 08:04:33', '2026-01-02 08:04:33'),
	(11, 'User 11', 'user11@persil.com', 'user', NULL, '$2y$12$Y4HR51ziaBCdUpHC3VcblundPVst/M6PhrLU5zO6Wua2dLCiq2ga6', NULL, '2025-02-28 08:04:33', '2026-01-02 08:04:33'),
	(12, 'User 12', 'user12@persil.com', 'user', NULL, '$2y$12$x7yR5Q.wP/wP3WHI48.nIO2V/BDHk3wif54G6qaU7MF3KCd8oUrjm', NULL, '2025-11-17 08:04:33', '2026-01-02 08:04:33'),
	(13, 'User 13', 'user13@persil.com', 'user', NULL, '$2y$12$mG9hgrbntoNNB5ubNVX.FOyDjriZX6nkX1vt79t7QGU5kbEN/LNQq', NULL, '2025-02-02 08:04:34', '2026-01-02 08:04:34'),
	(14, 'User 14', 'user14@persil.com', 'user', NULL, '$2y$12$p3B85G5Ao53zWAddFwjjy.BSzMmBxuJ2vGz5cbxQq6uN59dI1qv3S', NULL, '2025-07-31 08:04:34', '2026-01-02 08:04:34'),
	(15, 'User 15', 'user15@persil.com', 'user', NULL, '$2y$12$MbI/uohNIGXbyc6JvllOWOpp3.C8y33tB6ZYbCRP9sTF4PkAQg4zG', NULL, '2025-09-09 08:04:34', '2026-01-02 08:04:34'),
	(16, 'User 16', 'user16@persil.com', 'user', NULL, '$2y$12$iE28MQkUkUeZSqAe25YoAuncg33iGDs2QJlrB4ByxrufJMuqFutB2', NULL, '2025-07-24 08:04:34', '2026-01-02 08:04:34'),
	(17, 'User 17', 'user17@persil.com', 'user', NULL, '$2y$12$3s.DwVJYgCPKSUllNcOq9uWwc00CjvzkqEMPE8elP4JEb2wVQanoC', NULL, '2025-07-30 08:04:35', '2026-01-02 08:04:35'),
	(18, 'User 18', 'user18@persil.com', 'user', NULL, '$2y$12$/t.KI6Y9Nt69FQJqr2NIiea9G/5OT2zJ.oUxQsyeUYuCL.VYXC9HO', NULL, '2025-12-17 08:04:35', '2026-01-02 08:04:35'),
	(19, 'User 19', 'user19@persil.com', 'user', NULL, '$2y$12$X8Pc5pvMtpkn7KlyeyOQ..LNYky4TzSqE/ErakbnKrrfAyG3uXQMS', NULL, '2025-12-15 08:04:35', '2026-01-02 08:04:35'),
	(20, 'User 20', 'user20@persil.com', 'user', NULL, '$2y$12$Z9/iqEqvZ4HbUMHg7BgNX.xYIJgcqBhxgSQgacJDLsYghLfYoVv9e', NULL, '2025-05-27 08:04:36', '2026-01-02 08:04:36'),
	(21, 'User 21', 'user21@persil.com', 'user', NULL, '$2y$12$PUN0U9RiIzIh9Fth2C35TuAkWWC.04GrFVDLYMENE0UJd4Ff0ma62', NULL, '2025-10-22 08:04:36', '2026-01-02 08:04:36'),
	(22, 'User 22', 'user22@persil.com', 'user', NULL, '$2y$12$UUmWMzyRHXS0HBJ08genfu.JPxCAl6gOZTdbZRRwOPg/xcYeFTkBO', NULL, '2025-10-02 08:04:36', '2026-01-02 08:04:36'),
	(23, 'User 23', 'user23@persil.com', 'user', NULL, '$2y$12$dnOgRSzKeJ4J.vKQNca8kuJwG2Xlbz4JuhwrtGlGjIO4BnZ4n5SZW', NULL, '2025-08-21 08:04:36', '2026-01-02 08:04:36'),
	(24, 'User 24', 'user24@persil.com', 'user', NULL, '$2y$12$S.rfIIWUFETROeTJmslkl.5a8Niu7Ak5QtsDoA7PYzarbl.xtY7/m', NULL, '2025-03-25 08:04:37', '2026-01-02 08:04:37'),
	(25, 'User 25', 'user25@persil.com', 'user', NULL, '$2y$12$OWLCCPY6gBTkIOcwpnlU4.eiDE4fi2h8wINossN6CM.keN81UArwG', NULL, '2025-01-31 08:04:37', '2026-01-02 08:04:37'),
	(26, 'User 26', 'user26@persil.com', 'user', NULL, '$2y$12$MV2NKoIRY2IzoMqg2O7yiOpZy9WfCI5sC1M./Rzj4OZhO78qP41Li', NULL, '2025-04-25 08:04:37', '2026-01-02 08:04:37'),
	(27, 'User 27', 'user27@persil.com', 'user', NULL, '$2y$12$EYvGqlANfxf4PjYnelH.0e6A4AH7K.RDQJIv.ZeGWPrAKuhCpDxjC', NULL, '2025-03-16 08:04:38', '2026-01-02 08:04:38'),
	(28, 'User 28', 'user28@persil.com', 'user', NULL, '$2y$12$0P8zypNbJQf9ivix.E071.u5r5JXAKIYAEQFSZr0fOwJcTXRJz/li', NULL, '2025-12-21 08:04:38', '2026-01-02 08:04:38'),
	(29, 'User 29', 'user29@persil.com', 'user', NULL, '$2y$12$Xql/D9xnolWicKnaHBJs2eBFHdXVrN3MjKRuo/VoLnJREFXyHL8Qe', NULL, '2025-03-18 08:04:38', '2026-01-02 08:04:38'),
	(30, 'User 30', 'user30@persil.com', 'user', NULL, '$2y$12$z0mt77SeDVNn8BCFogrUlef0dCJhtVhCVoGdWj2m63qJe0ibDCNry', NULL, '2025-11-14 08:04:38', '2026-01-02 08:04:38'),
	(31, 'User 31', 'user31@persil.com', 'user', NULL, '$2y$12$5CXZbxYFpLJf8G1o0VCfIO8/IEpAgG3oa1l5U.xi65x5DLp7.LsQ.', NULL, '2025-01-10 08:04:39', '2026-01-02 08:04:39'),
	(32, 'User 32', 'user32@persil.com', 'user', NULL, '$2y$12$iHVOG1VxIUuOWN4bwB4AruDUlz/Ufh96E0Rw072GaLkm0R6keKG8i', NULL, '2025-11-10 08:04:39', '2026-01-02 08:04:39'),
	(33, 'User 33', 'user33@persil.com', 'user', NULL, '$2y$12$wsgWMupRlDVpzikRzdWJhOlUcm.zqqthsodammXq9j8hcw2IHMGFe', NULL, '2025-07-06 08:04:39', '2026-01-02 08:04:39'),
	(34, 'User 34', 'user34@persil.com', 'user', NULL, '$2y$12$SKwUnBGD02o9zgXv5kZU4OqAAfhTaXvx8itOcijs8mTXJj9paQq1O', NULL, '2025-12-13 08:04:39', '2026-01-02 08:04:39'),
	(35, 'User 35', 'user35@persil.com', 'user', NULL, '$2y$12$PZvhd9uQVsuha/PwQZivxOOwKHbNdM9OzIlaWp7gvFvMCw4RRMJPa', NULL, '2025-04-11 08:04:40', '2026-01-02 08:04:40'),
	(36, 'User 36', 'user36@persil.com', 'user', NULL, '$2y$12$i9cLhCdgXmp5E4Da7eKh0u8XU7gkCMBx/3Aw4BRrJN6BVVVgV6vF.', NULL, '2025-09-09 08:04:40', '2026-01-02 08:04:40'),
	(37, 'User 37', 'user37@persil.com', 'user', NULL, '$2y$12$YqRRDZdL5ZGUnvVGhqWt3.t.Hl3WSy8kIXYyaibyWcl/ewHY5RQiW', NULL, '2025-12-04 08:04:40', '2026-01-02 08:04:40'),
	(38, 'User 38', 'user38@persil.com', 'user', NULL, '$2y$12$pULJ5UuAqxknPjc98a.mqO4f9r27H8i1CTTXp2WzuGBWPZ/Z7CozW', NULL, '2025-05-01 08:04:41', '2026-01-02 08:04:41'),
	(39, 'User 39', 'user39@persil.com', 'user', NULL, '$2y$12$Ub0xz2.LZb7ygbmqVCuOJeB8DPL0bpOvIKf6e8XOjz9SIIRuwYvc2', NULL, '2025-12-09 08:04:41', '2026-01-02 08:04:41'),
	(40, 'User 40', 'user40@persil.com', 'user', NULL, '$2y$12$aTXDrIV.KNs72nrCTD7n/e7mzXK5EE4jK8OOxD9yPqAi1TVdFoCHC', NULL, '2025-10-09 08:04:41', '2026-01-02 08:04:41'),
	(41, 'User 41', 'user41@persil.com', 'user', NULL, '$2y$12$iV14CnLnXCiPlrgTjHKjh.Vtq/zbKitT/STufdTFyPEiGcga/odOe', NULL, '2025-11-21 08:04:41', '2026-01-02 08:04:41'),
	(42, 'User 42', 'user42@persil.com', 'user', NULL, '$2y$12$/lOZNlsVi8jD2hux.dmUtOHLTxNqvPlFr9AqO3lIxj5sFit.isXP.', NULL, '2025-01-04 08:04:42', '2026-01-02 08:04:42'),
	(43, 'User 43', 'user43@persil.com', 'user', NULL, '$2y$12$XX5KA9HtLM3QcCnJPhTBTO.EWm/r4.Ubzc.tmTHS63MriwVpdyBrC', NULL, '2025-07-11 08:04:42', '2026-01-02 08:04:42'),
	(44, 'User 44', 'user44@persil.com', 'user', NULL, '$2y$12$tayTfjrKE0Cvj.B0a9C4iOoOA1jkBEz1BD4OKHoUE6skz0/jGUGMG', NULL, '2025-08-18 08:04:42', '2026-01-02 08:04:42'),
	(45, 'User 45', 'user45@persil.com', 'user', NULL, '$2y$12$4zkRHMZ6KU0iV8YA6lqEqOOV2X3V0.gU2yiB9ZK/F/I8y.lkrZNdm', NULL, '2025-01-18 08:04:43', '2026-01-02 08:04:43'),
	(46, 'User 46', 'user46@persil.com', 'user', NULL, '$2y$12$vdZsFumDFL3aFtf.RmLc1.pd4i4t8M8fgdCCPYECR98kIjP4QOCia', NULL, '2025-12-12 08:04:43', '2026-01-02 08:04:43'),
	(47, 'User 47', 'user47@persil.com', 'user', NULL, '$2y$12$97dps8xjaVvMtXvf4JR5y.vtuMwBrrJ6J6LpJukzPdKdmvu1u1tWK', NULL, '2025-06-25 08:04:43', '2026-01-02 08:04:43'),
	(48, 'User 48', 'user48@persil.com', 'user', NULL, '$2y$12$5DciNRZuIwEaIv.piFcxY.A6nqaCheD0BZhdUNsm1gKSY9Ny44oS.', NULL, '2025-10-13 08:04:43', '2026-01-02 08:04:43'),
	(49, 'User 49', 'user49@persil.com', 'user', NULL, '$2y$12$wnROM6pryy2U2ZvFkyPpU.Q9OeAK0ni/xcoormhT7W3BgP0nQGwTi', NULL, '2025-08-04 08:04:44', '2026-01-02 08:04:44'),
	(50, 'User 50', 'user50@persil.com', 'user', NULL, '$2y$12$q5.dBUBzedmcZ2NGfD0uVu3Q7HcmDVeuxOL6lrlD08mNvd8MKdX32', NULL, '2025-08-10 08:04:44', '2026-01-02 08:04:44'),
	(51, 'User 51', 'user51@persil.com', 'user', NULL, '$2y$12$oZaC.tqFxKPSysoIm/ysp.DXvsoe926e2HKAqAm4XysazV8WqYwza', NULL, '2025-08-06 08:04:44', '2026-01-02 08:04:44'),
	(52, 'User 52', 'user52@persil.com', 'user', NULL, '$2y$12$2gmzzb6bqlrIuIcnl12QWesq98gaCDRec1e0mEzG1vdoB09PZi3Ke', NULL, '2025-02-18 08:04:44', '2026-01-02 08:04:44'),
	(53, 'User 53', 'user53@persil.com', 'user', NULL, '$2y$12$WHr7x5f/L7tDOgxCzACEKO9TK28hD6R8edaBbw3q8gRXXb/P1XFT.', NULL, '2025-11-23 08:04:45', '2026-01-02 08:04:45'),
	(54, 'User 54', 'user54@persil.com', 'user', NULL, '$2y$12$MxK09re20IU698eDEVapPOqSDHEO9auaVecE0nfMYAxExRPHXP.XW', NULL, '2025-11-29 08:04:45', '2026-01-02 08:04:45'),
	(55, 'User 55', 'user55@persil.com', 'user', NULL, '$2y$12$259D6VB4.GhcjemWpNOwpuurj9yC2DVM.OdMzKSXm4mCIU7GLwCKC', NULL, '2025-06-04 08:04:45', '2026-01-02 08:04:45'),
	(56, 'User 56', 'user56@persil.com', 'user', NULL, '$2y$12$m3QWgLIZbqSMgTRq67qllumOiE8RPXj5FN/KzEjxulvkexTSjrMWe', NULL, '2025-06-03 08:04:46', '2026-01-02 08:04:46'),
	(57, 'User 57', 'user57@persil.com', 'user', NULL, '$2y$12$oMTDQ2cF0QnA.6AzrQP1devV31LRD5nVa2RG1pKgQeOyfHwM25muC', NULL, '2025-04-14 08:04:46', '2026-01-02 08:04:46'),
	(58, 'User 58', 'user58@persil.com', 'user', NULL, '$2y$12$h3S9u6uZRqR35MssEXeDq.ti1zlIgStb2zePiCEB4GWXQJrLHtrRm', NULL, '2025-12-25 08:04:46', '2026-01-02 08:04:46'),
	(59, 'User 59', 'user59@persil.com', 'user', NULL, '$2y$12$QZctP95PYXcIELowMY.qFe/yJ9pprmyh5/T1yy.Nygs/i9c/RxOki', NULL, '2025-05-31 08:04:46', '2026-01-02 08:04:46'),
	(60, 'User 60', 'user60@persil.com', 'user', NULL, '$2y$12$H17RM4TqQK3ZMVSu3F5qVuSKCP7Wv4xA2V37s7/e0CmDPp6tqqF8S', NULL, '2025-08-13 08:04:47', '2026-01-02 08:04:47'),
	(61, 'User 61', 'user61@persil.com', 'user', NULL, '$2y$12$asJMSUijWugxSAQja8MDm.2nwVzpRCqkXglu4hMtqDwDFmCfnFr1K', NULL, '2025-11-03 08:04:47', '2026-01-02 08:04:47'),
	(62, 'User 62', 'user62@persil.com', 'user', NULL, '$2y$12$jDXL.bgtT2Wf7YKMHNiK/eliYGt3QRd21eNek8vvSBKjuvinBNAC2', NULL, '2025-04-15 08:04:47', '2026-01-02 08:04:47'),
	(63, 'User 63', 'user63@persil.com', 'user', NULL, '$2y$12$WofDsO7kjp2BssWVU0fVDu8vb6pTAIbQsnFfd.De2FOUgbLrpRjDm', NULL, '2025-12-08 08:04:48', '2026-01-02 08:04:48'),
	(64, 'User 64', 'user64@persil.com', 'user', NULL, '$2y$12$guIwql5Z1cqGE7q.m65huOj6hciFPSm1Y5wKKNZf2wXE6uOJE0pTq', NULL, '2025-04-12 08:04:48', '2026-01-02 08:04:48'),
	(65, 'User 65', 'user65@persil.com', 'user', NULL, '$2y$12$82Rr6GZzZU.x.dsQqvGsUOPgHa4QqZ8aN17mqDwhYsQO/GWfLEgQO', NULL, '2025-09-25 08:04:48', '2026-01-02 08:04:48'),
	(66, 'User 66', 'user66@persil.com', 'user', NULL, '$2y$12$kT0nyJu/R44R3ME1Cq/J9.SCmFFtL7pJ8yrEECIobWUdx8e7XQV36', NULL, '2025-04-24 08:04:48', '2026-01-02 08:04:48'),
	(67, 'User 67', 'user67@persil.com', 'user', NULL, '$2y$12$q2XM3Q6Q/lKv34ICK2Vojev7Clv/wAHs1QHe9G5QwuvSAmyLIWuoK', NULL, '2025-05-30 08:04:49', '2026-01-02 08:04:49'),
	(68, 'User 68', 'user68@persil.com', 'user', NULL, '$2y$12$fDjyuwOE1FXPMfScDpOpqe7/M96jIYKVSpY0IH5hlvwpOUpFiGmzy', NULL, '2025-04-06 08:04:49', '2026-01-02 08:04:49'),
	(69, 'User 69', 'user69@persil.com', 'user', NULL, '$2y$12$eErnYV9mK8.dK/ql1/UZJeeg.P8RdrDhB3S3.oISvy72rCWzR5se2', NULL, '2025-12-22 08:04:49', '2026-01-02 08:04:49'),
	(70, 'User 70', 'user70@persil.com', 'user', NULL, '$2y$12$08bErKzbFr4RiyXpGLgy3uLORNrgYs3nLnyLkTTb029m4GVUO55M.', NULL, '2025-04-27 08:04:50', '2026-01-02 08:04:50'),
	(71, 'User 71', 'user71@persil.com', 'user', NULL, '$2y$12$Pn4DrkVM6nbexwJQPQoquehhp3DC4btXAFVAsUZHUsiDAJmVoU6OG', NULL, '2025-01-27 08:04:50', '2026-01-02 08:04:50'),
	(72, 'User 72', 'user72@persil.com', 'user', NULL, '$2y$12$O9ivuSMjCn6lHcK1VmSAI.8wRfIKIdzYWinARj.7BDqRW.JXj7ef2', NULL, '2025-09-02 08:04:50', '2026-01-02 08:04:50'),
	(73, 'User 73', 'user73@persil.com', 'user', NULL, '$2y$12$CRj/OLdp3eo1qNHHXP0AvehCwehGvWizGlRM7enm1Oev7Zbe/pGdq', NULL, '2025-06-30 08:04:51', '2026-01-02 08:04:51'),
	(74, 'User 74', 'user74@persil.com', 'user', NULL, '$2y$12$UEayZWN1UnPzIEv2YbNT/OTizbA1XnreJQ1zTkNMxHZtTiF3b4ZAy', NULL, '2025-08-30 08:04:51', '2026-01-02 08:04:51'),
	(75, 'User 75', 'user75@persil.com', 'user', NULL, '$2y$12$c9.b3hIWDB2c9zEXR9W5O.Mx7SXdG1q8TyNr0Q0iLB6CKcgl107Ua', NULL, '2025-07-29 08:04:51', '2026-01-02 08:04:51'),
	(76, 'User 76', 'user76@persil.com', 'user', NULL, '$2y$12$4bxPjMhuv2/gARsiPSa7ROY9o7JGC4PhzzWh1K4ucpM0YIZYXZ01y', NULL, '2025-07-24 08:04:51', '2026-01-02 08:04:51'),
	(77, 'User 77', 'user77@persil.com', 'user', NULL, '$2y$12$dBexPAxcZLKcXdjKM4TWC.d1IxjIx.ACq3JT4CQDTH7Tg5EmJ2hqW', NULL, '2025-02-04 08:04:52', '2026-01-02 08:04:52'),
	(78, 'User 78', 'user78@persil.com', 'user', NULL, '$2y$12$eetPNKSKUVD.olPGxYYQ6Ozw9QfxdgjHkmWn8P/QmL4xwYpY4XHSu', NULL, '2025-01-27 08:04:52', '2026-01-02 08:04:52'),
	(79, 'User 79', 'user79@persil.com', 'user', NULL, '$2y$12$/tvJgF.mQPPeJMZ01UjZKeBWfVI3sW1X.X1KNqBbyzsFmvPi.44sa', NULL, '2025-03-08 08:04:52', '2026-01-02 08:04:52'),
	(80, 'User 80', 'user80@persil.com', 'user', NULL, '$2y$12$XYrG2hlmAp.hCPqVK5YwfOuL4/sJFKonYEKTKXBQPSVJBdK0s.Ql6', NULL, '2025-07-01 08:04:52', '2026-01-02 08:04:52'),
	(81, 'User 81', 'user81@persil.com', 'user', NULL, '$2y$12$6LqTEdFcpc5bovVhISQB7O5IbDFHETMThQ5JeK5tikrxAzeYdbCBy', NULL, '2025-01-31 08:04:53', '2026-01-02 08:04:53'),
	(82, 'User 82', 'user82@persil.com', 'user', NULL, '$2y$12$z1ZoaDbxlo.J.P0CtvqCrOy11l7vorx/pbpPZjkcVwD9lyza88pZy', NULL, '2025-03-21 08:04:53', '2026-01-02 08:04:53'),
	(83, 'User 83', 'user83@persil.com', 'user', NULL, '$2y$12$dBhUNoIaJQc7/P6uC43ygu0KrUkeaZ7rw1.Au88FPlvJkGokjWdSq', NULL, '2025-05-30 08:04:53', '2026-01-02 08:04:53'),
	(84, 'User 84', 'user84@persil.com', 'user', NULL, '$2y$12$pNHlnsJKZmFo6jJ2SecWn.S.x6TQuedyWbl.ds8ic7NaEK7uBXL0i', NULL, '2025-11-27 08:04:54', '2026-01-02 08:04:54'),
	(85, 'User 85', 'user85@persil.com', 'user', NULL, '$2y$12$2YrUinIym1Kbpf.qMvUOMuzH5IgRCByXOSv63TOsnnO071nb2k32y', NULL, '2025-05-18 08:04:54', '2026-01-02 08:04:54'),
	(86, 'User 86', 'user86@persil.com', 'user', NULL, '$2y$12$uX/YM.k1FFIoF94SfVCqdeZ8zqklvZ.eyBa/5.UCnS9.Yhu3EnU.e', NULL, '2025-09-17 08:04:54', '2026-01-02 08:04:54'),
	(87, 'User 87', 'user87@persil.com', 'user', NULL, '$2y$12$Ex.JTQm704vOwatkiF1KjeOU2hYtrImRzlgjHCBCHsWQMPRJyrmZi', NULL, '2025-10-16 08:04:55', '2026-01-02 08:04:55'),
	(88, 'User 88', 'user88@persil.com', 'user', NULL, '$2y$12$QuRlDe/bSNN8jL/jZQFAJegufmQIJ.5BXgPkrJ0JMwR03tTIJgE.C', NULL, '2025-05-05 08:04:55', '2026-01-02 08:04:55'),
	(89, 'User 89', 'user89@persil.com', 'user', NULL, '$2y$12$9jqOpRDPWoJk5s.56QeSUeMZeayLxGygDX4CXMchcm527SWJx0upq', NULL, '2025-10-26 08:04:55', '2026-01-02 08:04:55'),
	(90, 'User 90', 'user90@persil.com', 'user', NULL, '$2y$12$oaBaHQw0j5vwb.6tqNfMouv79oY7fvs6qsiXIKKWZDLkS.BRgnPYm', NULL, '2025-05-02 08:04:56', '2026-01-02 08:04:56'),
	(91, 'User 91', 'user91@persil.com', 'user', NULL, '$2y$12$ALf1Crpq24FC5S8Bq559D.mF9OAh5ocpBY1CAorK2bNmPZos.y.km', NULL, '2025-02-28 08:04:56', '2026-01-02 08:04:56'),
	(92, 'User 92', 'user92@persil.com', 'user', NULL, '$2y$12$IKqs66/Oe.uU9WSiv2r6ZOk2wgtnruF4I7jchp7rGkcdCTdJ5HIP6', NULL, '2025-07-05 08:04:56', '2026-01-02 08:04:56'),
	(93, 'User 93', 'user93@persil.com', 'user', NULL, '$2y$12$RJxedPah/2w3UyCmc5WI4eWYS54z1cBLdTberk7wA5R5tgtDtGvYy', NULL, '2025-08-08 08:04:56', '2026-01-02 08:04:56'),
	(94, 'User 94', 'user94@persil.com', 'user', NULL, '$2y$12$HGRHOvx4T93taqjQn626y.vWdlj3EoCCwQc29v8mjUUZO.TCSK/Vm', NULL, '2025-04-09 08:04:57', '2026-01-02 08:04:57'),
	(95, 'User 95', 'user95@persil.com', 'user', NULL, '$2y$12$G5aIObQwuf0bgCjAD7CcsunmgX.k3O1ja7O6ECCjDOfxBgJvBFma2', NULL, '2025-11-08 08:04:57', '2026-01-02 08:04:57'),
	(96, 'User 96', 'user96@persil.com', 'user', NULL, '$2y$12$9w1jHmJly.bIj05269VXpOPQDwZKwhmFBORZ4.Z322jefODulqBQm', NULL, '2025-01-22 08:04:57', '2026-01-02 08:04:57'),
	(97, 'User 97', 'user97@persil.com', 'user', NULL, '$2y$12$m5vYMbfitRUpK30vfqpS6OtISZ0ryZ2rhwfdXenJo6ykgAZ..oQ.O', NULL, '2025-10-29 08:04:58', '2026-01-02 08:04:58'),
	(98, 'User 98', 'user98@persil.com', 'user', NULL, '$2y$12$ud/9J1RlXf2pRxP7mIdbZ./ZxPxAgJmYm77KGl6fjQ22oEeZHnMqC', NULL, '2025-04-16 08:04:58', '2026-01-02 08:04:58'),
	(99, 'User 99', 'user99@persil.com', 'user', NULL, '$2y$12$v6V5oBarnNb69AKLM/xEm.yRcNnlC48HyHM/fcDfiFjEtCS5gxBqi', NULL, '2025-09-07 08:04:58', '2026-01-02 08:04:58'),
	(100, 'User 100', 'user100@persil.com', 'user', NULL, '$2y$12$5W3.Jg9FH2ynzXPd60AnpOaLXcSScY9SXTZvZMe5rrkfDYBtRo.QS', NULL, '2025-07-15 08:04:58', '2026-01-02 08:04:58');

-- Dumping structure for table persil-admin.warga
CREATE TABLE IF NOT EXISTS `warga` (
  `warga_id` bigint unsigned NOT NULL AUTO_INCREMENT,
  `no_ktp` varchar(255) COLLATE utf8mb4_unicode_ci NOT NULL,
  `nama` varchar(255) COLLATE utf8mb4_unicode_ci NOT NULL,
  `jenis_kelamin` enum('L','P') COLLATE utf8mb4_unicode_ci NOT NULL,
  `agama` varchar(255) COLLATE utf8mb4_unicode_ci NOT NULL,
  `pekerjaan` varchar(255) COLLATE utf8mb4_unicode_ci NOT NULL,
  `telp` varchar(255) COLLATE utf8mb4_unicode_ci DEFAULT NULL,
  `email` varchar(255) COLLATE utf8mb4_unicode_ci DEFAULT NULL,
  `created_at` timestamp NULL DEFAULT NULL,
  `updated_at` timestamp NULL DEFAULT NULL,
  PRIMARY KEY (`warga_id`),
  UNIQUE KEY `warga_no_ktp_unique` (`no_ktp`)
) ENGINE=InnoDB AUTO_INCREMENT=101 DEFAULT CHARSET=utf8mb4 COLLATE=utf8mb4_unicode_ci;

-- Dumping data for table persil-admin.warga: ~100 rows (approximately)
INSERT INTO `warga` (`warga_id`, `no_ktp`, `nama`, `jenis_kelamin`, `agama`, `pekerjaan`, `telp`, `email`, `created_at`, `updated_at`) VALUES
	(1, '6622571419087239', 'Hadi Kusuma', 'L', 'Buddha', 'Ibu Rumah Tangga', '085395561395', 'hadi.kusuma.1@hotmail.com', '2025-01-02 08:04:58', '2026-01-02 08:04:58'),
	(2, '6563819442514010', 'Kartika Firmansyah', 'P', 'Konghucu', 'PNS', '087888378526', 'kartika.firmansyah.2@bindes.id', '2025-09-04 08:04:58', '2026-01-02 08:04:58'),
	(3, '2794813433111461', 'Hadi Kusuma', 'L', 'Katolik', 'Supir', '081790938623', 'hadi.kusuma.3@yahoo.com', '2025-08-26 08:04:58', '2026-01-02 08:04:58'),
	(4, '7425562079543878', 'Ani Hidayat', 'P', 'Katolik', 'Desainer', '085894742945', 'ani.hidayat.4@outlook.com', '2025-12-29 08:04:58', '2026-01-02 08:04:58'),
	(5, '5947775295561944', 'Eko Kusuma', 'L', 'Islam', 'Wartawan', '081289117301', 'eko.kusuma.5@gmail.com', '2025-06-23 08:04:58', '2026-01-02 08:04:58'),
	(6, '5683087946513576', 'Yuni Halim', 'P', 'Kristen', 'Ibu Rumah Tangga', '087832601277', 'yuni.halim.6@outlook.com', '2025-09-12 08:04:58', '2026-01-02 08:04:58'),
	(7, '8300595206365545', 'Joko Wijaya', 'L', 'Konghucu', 'Perawat', '087887660627', 'joko.wijaya.7@yahoo.com', '2025-12-05 08:04:58', '2026-01-02 08:04:58'),
	(8, '5194878491923867', 'Diana Kusuma', 'P', 'Konghucu', 'Wartawan', '085643573369', 'diana.kusuma.8@bindes.id', '2025-02-21 08:04:58', '2026-01-02 08:04:58'),
	(9, '8518094067850919', 'Indra Kusuma', 'L', 'Konghucu', 'Programmer', '081827764413', 'indra.kusuma.9@yahoo.com', '2025-01-27 08:04:58', '2026-01-02 08:04:58'),
	(10, '4915961945953417', 'Tika Hakim', 'P', 'Islam', 'Karyawan Swasta', '081793644029', 'tika.hakim.10@outlook.com', '2025-08-26 08:04:58', '2026-01-02 08:04:58'),
	(11, '3376338758078496', 'Muhammad Santoso', 'L', 'Islam', 'Petani', '081647489653', 'muhammad.santoso.11@gmail.com', '2025-12-20 08:04:58', '2026-01-02 08:04:58'),
	(12, '9945386176539583', 'Ani Hidayat', 'P', 'Hindu', 'Perawat', '081449755512', 'ani.hidayat.12@hotmail.com', '2025-05-15 08:04:58', '2026-01-02 08:04:58'),
	(13, '6051657993293707', 'Kusuma Pratama', 'L', 'Islam', 'Pedagang', '087719203605', 'kusuma.pratama.13@outlook.com', '2025-09-07 08:04:58', '2026-01-02 08:04:58'),
	(14, '9677616194381229', 'Lina Hakim', 'P', 'Kristen', 'Pedagang', '081293227573', 'lina.hakim.14@bindes.id', '2025-05-22 08:04:58', '2026-01-02 08:04:58'),
	(15, '9029271669329245', 'Muhammad Gunawan', 'L', 'Kristen', 'Perawat', '085688100449', 'muhammad.gunawan.15@yahoo.com', '2025-01-05 08:04:58', '2026-01-02 08:04:58'),
	(16, '7914479107534438', 'Nina Ramadan', 'P', 'Katolik', 'Supir', '087774832416', 'nina.ramadan.16@yahoo.com', '2025-05-01 08:04:58', '2026-01-02 08:04:58'),
	(17, '3524229215887344', 'Eko Wibowo', 'L', 'Kristen', 'Dokter', '081478328506', 'eko.wibowo.17@gmail.com', '2025-03-31 08:04:58', '2026-01-02 08:04:58'),
	(18, '3765661737217131', 'Rina Siregar', 'P', 'Konghucu', 'Karyawan Swasta', '087718782506', 'rina.siregar.18@hotmail.com', '2025-12-24 08:04:58', '2026-01-02 08:04:58'),
	(19, '3264787680939904', 'Hadi Wibowo', 'L', 'Konghucu', 'Ibu Rumah Tangga', '081428961513', 'hadi.wibowo.19@outlook.com', '2025-08-28 08:04:58', '2026-01-02 08:04:58'),
	(20, '2274871825389879', 'Bunga Pratama', 'P', 'Hindu', 'Pensiunan', '081212410174', 'bunga.pratama.20@gmail.com', '2025-02-19 08:04:58', '2026-01-02 08:04:58'),
	(21, '5504115865720655', 'Fajar Nugroho', 'L', 'Hindu', 'Tukang', '081717266447', 'fajar.nugroho.21@hotmail.com', '2025-08-30 08:04:58', '2026-01-02 08:04:58'),
	(22, '8962750607175521', 'Bunga Wibowo', 'P', 'Katolik', 'Pensiunan', '081953195898', 'bunga.wibowo.22@outlook.com', '2025-02-22 08:04:58', '2026-01-02 08:04:58'),
	(23, '6600532759566723', 'Fajar Ramadan', 'L', 'Hindu', 'Perawat', '085610082330', 'fajar.ramadan.23@outlook.com', '2025-01-09 08:04:58', '2026-01-02 08:04:58'),
	(24, '6993906913077350', 'Wati Hadi', 'P', 'Islam', 'Mahasiswa', '081995510425', 'wati.hadi.24@bindes.id', '2025-02-26 08:04:58', '2026-01-02 08:04:58'),
	(25, '5745348461195782', 'Budi Saputra', 'L', 'Konghucu', 'Perawat', '085524163145', 'budi.saputra.25@hotmail.com', '2025-06-25 08:04:58', '2026-01-02 08:04:58'),
	(26, '7471526255002999', 'Dewi Hadi', 'P', 'Buddha', 'Desainer', '085597993116', 'dewi.hadi.26@outlook.com', '2025-10-19 08:04:58', '2026-01-02 08:04:58'),
	(27, '7384149107872225', 'Lukman Nugroho', 'L', 'Islam', 'Karyawan Swasta', '081567926504', 'lukman.nugroho.27@outlook.com', '2025-06-17 08:04:58', '2026-01-02 08:04:58'),
	(28, '6397608803424133', 'Kartika Gunawan', 'P', 'Kristen', 'Karyawan Swasta', '081480859988', 'kartika.gunawan.28@bindes.id', '2025-11-12 08:04:58', '2026-01-02 08:04:58'),
	(29, '9490170380095071', 'Fajar Nugroho', 'L', 'Islam', 'Dokter', '087712999083', 'fajar.nugroho.29@outlook.com', '2025-08-03 08:04:58', '2026-01-02 08:04:58'),
	(30, '4774805464652782', 'Indah Wijaya', 'P', 'Konghucu', 'Mahasiswa', '087759814077', 'indah.wijaya.30@bindes.id', '2025-06-15 08:04:58', '2026-01-02 08:04:58'),
	(31, '6760760545383747', 'Soleh Hadi', 'L', 'Katolik', 'PNS', '081632603357', 'soleh.hadi.31@hotmail.com', '2025-11-12 08:04:58', '2026-01-02 08:04:58'),
	(32, '1344527553559438', 'Sari Kurniawan', 'P', 'Konghucu', 'Programmer', '087895933733', 'sari.kurniawan.32@outlook.com', '2025-03-12 08:04:58', '2026-01-02 08:04:58'),
	(33, '1123231445194386', 'Budi Nugroho', 'L', 'Konghucu', 'Pensiunan', '081628216041', 'budi.nugroho.33@yahoo.com', '2025-03-14 08:04:58', '2026-01-02 08:04:58'),
	(34, '6850780882009516', 'Gita Nugroho', 'P', 'Konghucu', 'Pedagang', '085833593321', 'gita.nugroho.34@bindes.id', '2025-10-06 08:04:58', '2026-01-02 08:04:58'),
	(35, '5721176650335756', 'Kusuma Hadi', 'L', 'Katolik', 'Dokter', '087815606745', 'kusuma.hadi.35@hotmail.com', '2025-02-17 08:04:58', '2026-01-02 08:04:58'),
	(36, '6822231718580150', 'Cinta Pratama', 'P', 'Kristen', 'Pedagang', '085868397921', 'cinta.pratama.36@hotmail.com', '2025-10-01 08:04:58', '2026-01-02 08:04:58'),
	(37, '8133743083237959', 'Muhammad Nugroho', 'L', 'Hindu', 'Buruh', '087856459073', 'muhammad.nugroho.37@yahoo.com', '2025-12-20 08:04:58', '2026-01-02 08:04:58'),
	(38, '2430390788732956', 'Bunga Putra', 'P', 'Islam', 'Pengusaha', '081825812231', 'bunga.putra.38@gmail.com', '2025-02-02 08:04:58', '2026-01-02 08:04:58'),
	(39, '7803208486580856', 'Indra Ramadan', 'L', 'Konghucu', 'Ibu Rumah Tangga', '085622436501', 'indra.ramadan.39@bindes.id', '2025-02-10 08:04:58', '2026-01-02 08:04:58'),
	(40, '4026998946780997', 'Bunga Rahman', 'P', 'Islam', 'Pensiunan', '081849284345', 'bunga.rahman.40@yahoo.com', '2025-04-07 08:04:58', '2026-01-02 08:04:58'),
	(41, '5881924368074258', 'Joko Hadi', 'L', 'Buddha', 'Pengusaha', '085641380850', 'joko.hadi.41@gmail.com', '2025-08-29 08:04:58', '2026-01-02 08:04:58'),
	(42, '9279773938231560', 'Cinta Hadi', 'P', 'Islam', 'Pedagang', '087812414543', 'cinta.hadi.42@gmail.com', '2025-03-26 08:04:58', '2026-01-02 08:04:58'),
	(43, '9389838356887002', 'Tono Halim', 'L', 'Katolik', 'Guru', '081737326251', 'tono.halim.43@yahoo.com', '2025-12-30 08:04:58', '2026-01-02 08:04:58'),
	(44, '6965834433771536', 'Tika Gunawan', 'P', 'Kristen', 'PNS', '081388674629', 'tika.gunawan.44@gmail.com', '2025-02-19 08:04:58', '2026-01-02 08:04:58'),
	(45, '4644252202856578', 'Soleh Firmansyah', 'L', 'Kristen', 'Programmer', '085754207305', 'soleh.firmansyah.45@hotmail.com', '2025-06-01 08:04:58', '2026-01-02 08:04:58'),
	(46, '5955208525719687', 'Diana Ramadan', 'P', 'Hindu', 'Mahasiswa', '085571056788', 'diana.ramadan.46@bindes.id', '2025-04-05 08:04:58', '2026-01-02 08:04:58'),
	(47, '6509408592898217', 'Tono Nugroho', 'L', 'Katolik', 'Pedagang', '085542830030', 'tono.nugroho.47@outlook.com', '2025-02-08 08:04:58', '2026-01-02 08:04:58'),
	(48, '2540774025703131', 'Cinta Kurniawan', 'P', 'Hindu', 'Nelayan', '085581480334', 'cinta.kurniawan.48@outlook.com', '2025-10-02 08:04:58', '2026-01-02 08:04:58'),
	(49, '9978977400176449', 'Yudi Wibowo', 'L', 'Katolik', 'Wartawan', '085847377614', 'yudi.wibowo.49@outlook.com', '2025-03-21 08:04:58', '2026-01-02 08:04:58'),
	(50, '7192559902602718', 'Hani Santoso', 'P', 'Kristen', 'Programmer', '087714798033', 'hani.santoso.50@bindes.id', '2025-05-06 08:04:58', '2026-01-02 08:04:58'),
	(51, '1921669234436719', 'Nur Ramadan', 'L', 'Katolik', 'Programmer', '085613049644', 'nur.ramadan.51@bindes.id', '2025-09-04 08:04:58', '2026-01-02 08:04:58'),
	(52, '7267407482896188', 'Tika Wijaya', 'P', 'Hindu', 'Mahasiswa', '081435148563', 'tika.wijaya.52@gmail.com', '2025-08-24 08:04:58', '2026-01-02 08:04:58'),
	(53, '1444143129135144', 'Joko Putra', 'L', 'Konghucu', 'Pengusaha', '081786941752', 'joko.putra.53@bindes.id', '2025-12-06 08:04:58', '2026-01-02 08:04:58'),
	(54, '3989612059986715', 'Dewi Rahman', 'P', 'Hindu', 'Buruh', '081846366748', 'dewi.rahman.54@bindes.id', '2025-08-20 08:04:58', '2026-01-02 08:04:58'),
	(55, '4510709744964476', 'Zainal Ramadan', 'L', 'Konghucu', 'Guru', '081233605393', 'zainal.ramadan.55@bindes.id', '2025-12-29 08:04:58', '2026-01-02 08:04:58'),
	(56, '9384645449083026', 'Sari Halim', 'P', 'Kristen', 'Guru', '085648042835', 'sari.halim.56@hotmail.com', '2025-02-09 08:04:58', '2026-01-02 08:04:58'),
	(57, '8901559981652144', 'Lukman Ramadan', 'L', 'Islam', 'Pensiunan', '081546822413', 'lukman.ramadan.57@bindes.id', '2025-12-06 08:04:58', '2026-01-02 08:04:58'),
	(58, '2007649042209044', 'Diana Halim', 'P', 'Katolik', 'Wiraswasta', '085888822029', 'diana.halim.58@gmail.com', '2025-08-25 08:04:58', '2026-01-02 08:04:58'),
	(59, '6805050954242990', 'Rudi Santoso', 'L', 'Katolik', 'Pedagang', '085380070930', 'rudi.santoso.59@hotmail.com', '2025-04-30 08:04:58', '2026-01-02 08:04:58'),
	(60, '9161592049142370', 'Kartika Gunawan', 'P', 'Buddha', 'Pengusaha', '081654130291', 'kartika.gunawan.60@yahoo.com', '2025-09-17 08:04:58', '2026-01-02 08:04:58'),
	(61, '2439447501057242', 'Joko Purnomo', 'L', 'Kristen', 'Pedagang', '081783923488', 'joko.purnomo.61@yahoo.com', '2025-03-14 08:04:58', '2026-01-02 08:04:58'),
	(62, '1996966374660287', 'Bunga Ramadan', 'P', 'Katolik', 'Mahasiswa', '085864225346', 'bunga.ramadan.62@bindes.id', '2025-07-22 08:04:58', '2026-01-02 08:04:58'),
	(63, '2415401026193711', 'Tono Kusuma', 'L', 'Hindu', 'Akuntan', '085335813423', 'tono.kusuma.63@hotmail.com', '2025-08-11 08:04:58', '2026-01-02 08:04:58'),
	(64, '7814818857720199', 'Sari Gunawan', 'P', 'Hindu', 'Karyawan Swasta', '081734043176', 'sari.gunawan.64@hotmail.com', '2025-02-11 08:04:58', '2026-01-02 08:04:58'),
	(65, '2030104068294152', 'Fajar Maulana', 'L', 'Kristen', 'Supir', '081899805097', 'fajar.maulana.65@yahoo.com', '2025-05-31 08:04:58', '2026-01-02 08:04:58'),
	(66, '6714776094534207', 'Diana Rahman', 'P', 'Katolik', 'Pengusaha', '081777678225', 'diana.rahman.66@yahoo.com', '2025-03-26 08:04:58', '2026-01-02 08:04:58'),
	(67, '1222775531689343', 'Rudi Santoso', 'L', 'Hindu', 'Dokter', '081333977288', 'rudi.santoso.67@yahoo.com', '2025-01-15 08:04:58', '2026-01-02 08:04:58'),
	(68, '5113669796076615', 'Bunga Rahman', 'P', 'Kristen', 'Wiraswasta', '081491771983', 'bunga.rahman.68@bindes.id', '2025-06-14 08:04:58', '2026-01-02 08:04:58'),
	(69, '3321777777385319', 'Kusuma Pratama', 'L', 'Islam', 'PNS', '085772645557', 'kusuma.pratama.69@gmail.com', '2025-12-31 08:04:58', '2026-01-02 08:04:58'),
	(70, '6965877657274230', 'Kartika Santoso', 'P', 'Islam', 'Tukang', '085660837985', 'kartika.santoso.70@bindes.id', '2025-09-23 08:04:58', '2026-01-02 08:04:58'),
	(71, '2572147370030027', 'Nur Hadi', 'L', 'Hindu', 'Wiraswasta', '085639059300', 'nur.hadi.71@gmail.com', '2025-12-04 08:04:58', '2026-01-02 08:04:58'),
	(72, '1244008190306538', 'Yuni Wibowo', 'P', 'Islam', 'Pensiunan', '085616443723', 'yuni.wibowo.72@yahoo.com', '2025-01-28 08:04:58', '2026-01-02 08:04:58'),
	(73, '6997345891372329', 'Tono Pratama', 'L', 'Buddha', 'Mahasiswa', '085716367942', 'tono.pratama.73@bindes.id', '2025-09-19 08:04:58', '2026-01-02 08:04:58'),
	(74, '7747068818633456', 'Citra Kusuma', 'P', 'Buddha', 'Wartawan', '081910921877', 'citra.kusuma.74@hotmail.com', '2025-04-11 08:04:58', '2026-01-02 08:04:58'),
	(75, '5365718537526923', 'Joko Kusuma', 'L', 'Buddha', 'Karyawan Swasta', '081975148860', 'joko.kusuma.75@outlook.com', '2025-08-31 08:04:58', '2026-01-02 08:04:58'),
	(76, '5405073537377972', 'Cinta Hidayat', 'P', 'Konghucu', 'Akuntan', '081284500462', 'cinta.hidayat.76@yahoo.com', '2025-04-16 08:04:58', '2026-01-02 08:04:58'),
	(77, '3966485034722843', 'Muhammad Ramadan', 'L', 'Hindu', 'Nelayan', '085842789148', 'muhammad.ramadan.77@yahoo.com', '2025-10-28 08:04:58', '2026-01-02 08:04:58'),
	(78, '3820033341815620', 'Ani Nugroho', 'P', 'Konghucu', 'Perawat', '087733450318', 'ani.nugroho.78@hotmail.com', '2025-07-27 08:04:58', '2026-01-02 08:04:58'),
	(79, '6087043821407598', 'Rudi Hadi', 'L', 'Buddha', 'Supir', '085550792037', 'rudi.hadi.79@hotmail.com', '2025-05-13 08:04:58', '2026-01-02 08:04:58'),
	(80, '1585738643948370', 'Nina Putra', 'P', 'Konghucu', 'Nelayan', '087741332099', 'nina.putra.80@hotmail.com', '2025-03-23 08:04:58', '2026-01-02 08:04:58'),
	(81, '6843396171522205', 'Tono Wijaya', 'L', 'Islam', 'Mahasiswa', '087718592530', 'tono.wijaya.81@gmail.com', '2025-11-14 08:04:58', '2026-01-02 08:04:59'),
	(82, '7717294140482019', 'Gita Purnomo', 'P', 'Hindu', 'Pensiunan', '081458287455', 'gita.purnomo.82@yahoo.com', '2025-11-22 08:04:59', '2026-01-02 08:04:59'),
	(83, '6053863623568288', 'Tono Ramadan', 'L', 'Katolik', 'Tukang', '081218502160', 'tono.ramadan.83@outlook.com', '2025-04-18 08:04:59', '2026-01-02 08:04:59'),
	(84, '3614922022578883', 'Lina Purnomo', 'P', 'Katolik', 'Guru', '081291426362', 'lina.purnomo.84@hotmail.com', '2025-09-24 08:04:59', '2026-01-02 08:04:59'),
	(85, '2536721744784505', 'Hadi Hidayat', 'L', 'Kristen', 'PNS', '081241805784', 'hadi.hidayat.85@bindes.id', '2025-04-29 08:04:59', '2026-01-02 08:04:59'),
	(86, '6686757407739630', 'Sari Rahman', 'P', 'Konghucu', 'Dokter', '085785921626', 'sari.rahman.86@hotmail.com', '2025-11-30 08:04:59', '2026-01-02 08:04:59'),
	(87, '5905830647473556', 'Indra Kusuma', 'L', 'Kristen', 'Mahasiswa', '085377928109', 'indra.kusuma.87@bindes.id', '2025-01-05 08:04:59', '2026-01-02 08:04:59'),
	(88, '3859050512571038', 'Cinta Firmansyah', 'P', 'Buddha', 'Desainer', '081480233239', 'cinta.firmansyah.88@hotmail.com', '2025-08-20 08:04:59', '2026-01-02 08:04:59'),
	(89, '2803584270212654', 'Zainal Ramadan', 'L', 'Buddha', 'Ibu Rumah Tangga', '081556431148', 'zainal.ramadan.89@hotmail.com', '2025-09-15 08:04:59', '2026-01-02 08:04:59'),
	(90, '1657605196664418', 'Diana Kusuma', 'P', 'Katolik', 'Karyawan Swasta', '087773432946', 'diana.kusuma.90@bindes.id', '2025-08-20 08:04:59', '2026-01-02 08:04:59'),
	(91, '6666218979807488', 'Kusuma Halim', 'L', 'Kristen', 'Desainer', '085667328353', 'kusuma.halim.91@outlook.com', '2025-12-04 08:04:59', '2026-01-02 08:04:59'),
	(92, '6332256746238381', 'Wati Siregar', 'P', 'Katolik', 'Akuntan', '085382604792', 'wati.siregar.92@gmail.com', '2025-04-18 08:04:59', '2026-01-02 08:04:59'),
	(93, '8695868083693003', 'Oki Putra', 'L', 'Buddha', 'Dokter', '081547544211', 'oki.putra.93@bindes.id', '2025-04-25 08:04:59', '2026-01-02 08:04:59'),
	(94, '8086106815498327', 'Bunga Hadi', 'P', 'Hindu', 'Karyawan Swasta', '081557937538', 'bunga.hadi.94@yahoo.com', '2025-06-28 08:04:59', '2026-01-02 08:04:59'),
	(95, '1023646808321882', 'Yudi Wibowo', 'L', 'Konghucu', 'Wartawan', '081676910365', 'yudi.wibowo.95@outlook.com', '2025-03-30 08:04:59', '2026-01-02 08:04:59'),
	(96, '6200148783966811', 'Bunga Nugroho', 'P', 'Konghucu', 'Buruh', '087756490266', 'bunga.nugroho.96@bindes.id', '2025-08-06 08:04:59', '2026-01-02 08:04:59'),
	(97, '1783925739705853', 'Zainal Santoso', 'L', 'Hindu', 'Supir', '081559175612', 'zainal.santoso.97@gmail.com', '2025-09-08 08:04:59', '2026-01-02 08:04:59'),
	(98, '6123119295872642', 'Gita Firmansyah', 'P', 'Hindu', 'Programmer', '085546130589', 'gita.firmansyah.98@bindes.id', '2025-08-12 08:04:59', '2026-01-02 08:04:59'),
	(99, '7382228022846286', 'Ahmad Wibowo', 'L', 'Konghucu', 'Tukangg', '081633881211', 'ahmad.wibowo.99@outlook.com', '2025-07-13 08:04:59', '2026-01-04 03:28:21'),
	(100, '6221813829721556', 'Cinta Hakim', 'P', 'Hindu', 'Pengusaha', '087766190354', 'cinta.hakim.100@bindes.id', '2025-11-27 08:04:59', '2026-01-02 08:04:59');

/*!40103 SET TIME_ZONE=IFNULL(@OLD_TIME_ZONE, 'system') */;
/*!40101 SET SQL_MODE=IFNULL(@OLD_SQL_MODE, '') */;
/*!40014 SET FOREIGN_KEY_CHECKS=IFNULL(@OLD_FOREIGN_KEY_CHECKS, 1) */;
/*!40101 SET CHARACTER_SET_CLIENT=@OLD_CHARACTER_SET_CLIENT */;
/*!40111 SET SQL_NOTES=IFNULL(@OLD_SQL_NOTES, 1) */;
